learning_multiple,records_reaching_6p5,share_reaching_6p5
0.0,0,0.0
0.1,0,0.0
0.2,0,0.0
0.3,0,0.0
0.4,0,0.0
0.5,0,0.0
0.6,0,0.0
0.7,0,0.0
0.8,0,0.0
0.9,1,0.0014084507042253522
1.0,3,0.004225352112676056
1.1,4,0.005633802816901409
1.2,4,0.005633802816901409
1.3,4,0.005633802816901409
1.4,4,0.005633802816901409
1.5,4,0.005633802816901409
1.6,4,0.005633802816901409
1.7,4,0.005633802816901409
1.8,4,0.005633802816901409
1.9,4,0.005633802816901409
2.0,4,0.005633802816901409
2.1,4,0.005633802816901409
2.2,4,0.005633802816901409
2.3,4,0.005633802816901409
2.4,4,0.005633802816901409
2.5,4,0.005633802816901409
2.6,4,0.005633802816901409
2.7,4,0.005633802816901409
2.8,4,0.005633802816901409
2.9,5,0.007042253521126761
3.0,5,0.007042253521126761
3.1,5,0.007042253521126761
3.2,5,0.007042253521126761
3.3,5,0.007042253521126761
3.4,5,0.007042253521126761
3.5,5,0.007042253521126761
3.6,5,0.007042253521126761
3.7,5,0.007042253521126761
3.8,5,0.007042253521126761
3.9,5,0.007042253521126761
4.0,5,0.007042253521126761
4.1,5,0.007042253521126761
4.2,5,0.007042253521126761
4.3,6,0.008450704225352112
4.4,6,0.008450704225352112
4.5,6,0.008450704225352112
4.6,6,0.008450704225352112
4.7,6,0.008450704225352112
4.8,6,0.008450704225352112
4.9,6,0.008450704225352112
5.0,6,0.008450704225352112
5.1,6,0.008450704225352112
5.2,6,0.008450704225352112
5.3,6,0.008450704225352112
5.4,6,0.008450704225352112
5.5,6,0.008450704225352112
5.6,6,0.008450704225352112
5.7,6,0.008450704225352112
5.8,6,0.008450704225352112
5.9,6,0.008450704225352112
6.0,6,0.008450704225352112
6.1,6,0.008450704225352112
6.2,6,0.008450704225352112
6.3,6,0.008450704225352112
6.4,6,0.008450704225352112
6.5,6,0.008450704225352112
6.6,6,0.008450704225352112
6.7,6,0.008450704225352112
6.8,6,0.008450704225352112
6.9,6,0.008450704225352112
7.0,6,0.008450704225352112
7.1,6,0.008450704225352112
7.2,6,0.008450704225352112
7.3,6,0.008450704225352112
7.4,6,0.008450704225352112
7.5,6,0.008450704225352112
7.6,6,0.008450704225352112
7.7,6,0.008450704225352112
7.8,6,0.008450704225352112
7.9,6,0.008450704225352112
8.0,6,0.008450704225352112
8.1,6,0.008450704225352112
8.2,6,0.008450704225352112
8.3,6,0.008450704225352112
8.4,6,0.008450704225352112
8.5,6,0.008450704225352112
8.6,6,0.008450704225352112
8.7,6,0.008450704225352112
8.8,6,0.008450704225352112
8.9,6,0.008450704225352112
9.0,6,0.008450704225352112
9.1,6,0.008450704225352112
9.2,6,0.008450704225352112
9.3,6,0.008450704225352112
9.4,6,0.008450704225352112
9.5,6,0.008450704225352112
9.6,6,0.008450704225352112
9.7,6,0.008450704225352112
9.8,6,0.008450704225352112
9.9,6,0.008450704225352112
10.0,6,0.008450704225352112
10.1,6,0.008450704225352112
10.2,6,0.008450704225352112
10.3,6,0.008450704225352112
10.4,6,0.008450704225352112
10.5,6,0.008450704225352112
10.6,6,0.008450704225352112
10.7,6,0.008450704225352112
10.8,6,0.008450704225352112
10.9,6,0.008450704225352112
11.0,6,0.008450704225352112
11.1,6,0.008450704225352112
11.2,6,0.008450704225352112
11.3,6,0.008450704225352112
11.4,6,0.008450704225352112
11.5,6,0.008450704225352112
11.6,6,0.008450704225352112
11.7,6,0.008450704225352112
11.8,6,0.008450704225352112
11.9,6,0.008450704225352112
12.0,6,0.008450704225352112
12.1,6,0.008450704225352112
12.2,6,0.008450704225352112
12.3,6,0.008450704225352112
12.4,6,0.008450704225352112
12.5,6,0.008450704225352112
12.6,6,0.008450704225352112
12.7,6,0.008450704225352112
12.8,6,0.008450704225352112
12.9,6,0.008450704225352112
13.0,6,0.008450704225352112
13.1,6,0.008450704225352112
13.2,6,0.008450704225352112
13.3,6,0.008450704225352112
13.4,6,0.008450704225352112
13.5,6,0.008450704225352112
13.6,6,0.008450704225352112
13.7,6,0.008450704225352112
13.8,6,0.008450704225352112
13.9,6,0.008450704225352112
14.0,6,0.008450704225352112
14.1,6,0.008450704225352112
14.2,6,0.008450704225352112
14.3,6,0.008450704225352112
14.4,6,0.008450704225352112
14.5,6,0.008450704225352112
14.6,6,0.008450704225352112
14.7,6,0.008450704225352112
14.8,6,0.008450704225352112
14.9,6,0.008450704225352112
15.0,6,0.008450704225352112
15.1,6,0.008450704225352112
15.2,6,0.008450704225352112
15.3,6,0.008450704225352112
15.4,6,0.008450704225352112
15.5,6,0.008450704225352112
15.6,6,0.008450704225352112
15.7,6,0.008450704225352112
15.8,6,0.008450704225352112
15.9,6,0.008450704225352112
16.0,6,0.008450704225352112
16.1,6,0.008450704225352112
16.2,6,0.008450704225352112
16.3,6,0.008450704225352112
16.4,6,0.008450704225352112
16.5,6,0.008450704225352112
16.6,6,0.008450704225352112
16.7,6,0.008450704225352112
16.8,6,0.008450704225352112
16.9,6,0.008450704225352112
17.0,6,0.008450704225352112
17.1,6,0.008450704225352112
17.2,6,0.008450704225352112
17.3,6,0.008450704225352112
17.4,6,0.008450704225352112
17.5,6,0.008450704225352112
17.6,6,0.008450704225352112
17.7,6,0.008450704225352112
17.8,6,0.008450704225352112
17.9,6,0.008450704225352112
18.0,6,0.008450704225352112
18.1,6,0.008450704225352112
18.2,6,0.008450704225352112
18.3,6,0.008450704225352112
18.4,6,0.008450704225352112
18.5,6,0.008450704225352112
18.6,6,0.008450704225352112
18.7,6,0.008450704225352112
18.8,6,0.008450704225352112
18.9,6,0.008450704225352112
19.0,6,0.008450704225352112
19.1,6,0.008450704225352112
19.2,6,0.008450704225352112
19.3,6,0.008450704225352112
19.4,6,0.008450704225352112
19.5,6,0.008450704225352112
19.6,6,0.008450704225352112
19.7,6,0.008450704225352112
19.8,6,0.008450704225352112
19.9,6,0.008450704225352112
20.0,6,0.008450704225352112
