electrical_buffer_hours,round_trip_efficiency,battery_capex_cny_per_kwh,battery_fixed_om_rate,battery_replacement_interval_years,battery_replacement_cost_factor,free_lossless_upper_bound,learning_case,strict_record_count,electrolyser_input_twh_per_year,raw_electricity_draw_twh_per_year,ending_stored_energy_gwh,battery_capex_100m_cny,mean_h2_mt_per_year,retain_low_count,reach_6p5_count,zero_buffer_max_absorbed_kwh_error
0.0,1.0,0.0,0.0,,0.0,True,none,710,2.718601865895589,2.718601865895589,0.0,0.0,0.04761721765185231,710,0,1.4156103134155273e-06
0.0,1.0,0.0,0.0,,0.0,True,combined,710,2.718601865895589,2.718601865895589,0.0,0.0,0.04761948984824942,710,3,1.4156103134155273e-06
1.0,1.0,0.0,0.0,,0.0,True,none,710,3.3094312160779458,3.309565755956196,0.1345398782496224,0.0,0.05799704695984726,710,702,1.4156103134155273e-06
1.0,1.0,0.0,0.0,,0.0,True,combined,710,3.3094312160779458,3.309565755956196,0.1345398782496224,0.0,0.058569368100752466,710,710,1.4156103134155273e-06
1.0,1.0,900.0,0.025,10.0,0.7,False,none,710,3.3094312160779458,3.309565755956196,0.1345398782496224,13.791369022809526,0.05799704695984726,710,5,1.4156103134155273e-06
1.0,1.0,900.0,0.025,10.0,0.7,False,combined,710,3.3094312160779458,3.309565755956196,0.1345398782496224,13.791369022809526,0.058569368100752466,710,15,1.4156103134155273e-06
1.0,1.0,900.0,0.025,10.0,1.0,False,none,710,3.3094312160779458,3.309565755956196,0.1345398782496224,13.791369022809526,0.05799704695984726,701,1,1.4156103134155273e-06
1.0,1.0,900.0,0.025,10.0,1.0,False,combined,710,3.3094312160779458,3.309565755956196,0.1345398782496224,13.791369022809526,0.058569368100752466,710,5,1.4156103134155273e-06
1.0,1.0,900.0,0.025,15.0,0.7,False,none,710,3.3094312160779458,3.309565755956196,0.1345398782496224,13.791369022809526,0.05799704695984726,710,19,1.4156103134155273e-06
1.0,1.0,900.0,0.025,15.0,0.7,False,combined,710,3.3094312160779458,3.309565755956196,0.1345398782496224,13.791369022809526,0.058569368100752466,710,57,1.4156103134155273e-06
1.0,1.0,900.0,0.025,15.0,1.0,False,none,710,3.3094312160779458,3.309565755956196,0.1345398782496224,13.791369022809526,0.05799704695984726,710,9,1.4156103134155273e-06
1.0,1.0,900.0,0.025,15.0,1.0,False,combined,710,3.3094312160779458,3.309565755956196,0.1345398782496224,13.791369022809526,0.058569368100752466,710,24,1.4156103134155273e-06
1.0,1.0,900.0,0.025,20.0,0.7,False,none,710,3.3094312160779458,3.309565755956196,0.1345398782496224,13.791369022809526,0.05799704695984726,710,23,1.4156103134155273e-06
1.0,1.0,900.0,0.025,20.0,0.7,False,combined,710,3.3094312160779458,3.309565755956196,0.1345398782496224,13.791369022809526,0.058569368100752466,710,92,1.4156103134155273e-06
1.0,1.0,900.0,0.025,20.0,1.0,False,none,710,3.3094312160779458,3.309565755956196,0.1345398782496224,13.791369022809526,0.05799704695984726,710,16,1.4156103134155273e-06
1.0,1.0,900.0,0.025,20.0,1.0,False,combined,710,3.3094312160779458,3.309565755956196,0.1345398782496224,13.791369022809526,0.058569368100752466,710,51,1.4156103134155273e-06
1.0,1.0,1500.0,0.025,10.0,0.7,False,none,710,3.3094312160779458,3.309565755956196,0.1345398782496224,22.98561503801588,0.05799704695984726,304,0,1.4156103134155273e-06
1.0,1.0,1500.0,0.025,10.0,0.7,False,combined,710,3.3094312160779458,3.309565755956196,0.1345398782496224,22.98561503801588,0.058569368100752466,506,0,1.4156103134155273e-06
1.0,1.0,1500.0,0.025,10.0,1.0,False,none,710,3.3094312160779458,3.309565755956196,0.1345398782496224,22.98561503801588,0.05799704695984726,107,0,1.4156103134155273e-06
1.0,1.0,1500.0,0.025,10.0,1.0,False,combined,710,3.3094312160779458,3.309565755956196,0.1345398782496224,22.98561503801588,0.058569368100752466,284,0,1.4156103134155273e-06
1.0,1.0,1500.0,0.025,15.0,0.7,False,none,710,3.3094312160779458,3.309565755956196,0.1345398782496224,22.98561503801588,0.05799704695984726,610,0,1.4156103134155273e-06
1.0,1.0,1500.0,0.025,15.0,0.7,False,combined,710,3.3094312160779458,3.309565755956196,0.1345398782496224,22.98561503801588,0.058569368100752466,709,0,1.4156103134155273e-06
1.0,1.0,1500.0,0.025,15.0,1.0,False,none,710,3.3094312160779458,3.309565755956196,0.1345398782496224,22.98561503801588,0.05799704695984726,509,0,1.4156103134155273e-06
1.0,1.0,1500.0,0.025,15.0,1.0,False,combined,710,3.3094312160779458,3.309565755956196,0.1345398782496224,22.98561503801588,0.058569368100752466,661,0,1.4156103134155273e-06
1.0,1.0,1500.0,0.025,20.0,0.7,False,none,710,3.3094312160779458,3.309565755956196,0.1345398782496224,22.98561503801588,0.05799704695984726,607,0,1.4156103134155273e-06
1.0,1.0,1500.0,0.025,20.0,0.7,False,combined,710,3.3094312160779458,3.309565755956196,0.1345398782496224,22.98561503801588,0.058569368100752466,709,1,1.4156103134155273e-06
1.0,1.0,1500.0,0.025,20.0,1.0,False,none,710,3.3094312160779458,3.309565755956196,0.1345398782496224,22.98561503801588,0.05799704695984726,498,0,1.4156103134155273e-06
1.0,1.0,1500.0,0.025,20.0,1.0,False,combined,710,3.3094312160779458,3.309565755956196,0.1345398782496224,22.98561503801588,0.058569368100752466,655,0,1.4156103134155273e-06
1.0,1.0,2400.0,0.025,10.0,0.7,False,none,710,3.3094312160779458,3.309565755956196,0.1345398782496224,36.776984060825406,0.05799704695984726,1,0,1.4156103134155273e-06
1.0,1.0,2400.0,0.025,10.0,0.7,False,combined,710,3.3094312160779458,3.309565755956196,0.1345398782496224,36.776984060825406,0.058569368100752466,9,0,1.4156103134155273e-06
1.0,1.0,2400.0,0.025,10.0,1.0,False,none,710,3.3094312160779458,3.309565755956196,0.1345398782496224,36.776984060825406,0.05799704695984726,0,0,1.4156103134155273e-06
1.0,1.0,2400.0,0.025,10.0,1.0,False,combined,710,3.3094312160779458,3.309565755956196,0.1345398782496224,36.776984060825406,0.058569368100752466,0,0,1.4156103134155273e-06
1.0,1.0,2400.0,0.025,15.0,0.7,False,none,710,3.3094312160779458,3.309565755956196,0.1345398782496224,36.776984060825406,0.05799704695984726,33,0,1.4156103134155273e-06
1.0,1.0,2400.0,0.025,15.0,0.7,False,combined,710,3.3094312160779458,3.309565755956196,0.1345398782496224,36.776984060825406,0.058569368100752466,185,0,1.4156103134155273e-06
1.0,1.0,2400.0,0.025,15.0,1.0,False,none,710,3.3094312160779458,3.309565755956196,0.1345398782496224,36.776984060825406,0.05799704695984726,9,0,1.4156103134155273e-06
1.0,1.0,2400.0,0.025,15.0,1.0,False,combined,710,3.3094312160779458,3.309565755956196,0.1345398782496224,36.776984060825406,0.058569368100752466,61,0,1.4156103134155273e-06
1.0,1.0,2400.0,0.025,20.0,0.7,False,none,710,3.3094312160779458,3.309565755956196,0.1345398782496224,36.776984060825406,0.05799704695984726,31,0,1.4156103134155273e-06
1.0,1.0,2400.0,0.025,20.0,0.7,False,combined,710,3.3094312160779458,3.309565755956196,0.1345398782496224,36.776984060825406,0.058569368100752466,184,0,1.4156103134155273e-06
1.0,1.0,2400.0,0.025,20.0,1.0,False,none,710,3.3094312160779458,3.309565755956196,0.1345398782496224,36.776984060825406,0.05799704695984726,9,0,1.4156103134155273e-06
1.0,1.0,2400.0,0.025,20.0,1.0,False,combined,710,3.3094312160779458,3.309565755956196,0.1345398782496224,36.776984060825406,0.058569368100752466,57,0,1.4156103134155273e-06
1.0,0.85,0.0,0.0,,0.0,False,none,710,3.2623794046134895,3.356827552310587,0.12632196359785547,0.0,0.05716629203758266,710,576,1.4156103134155273e-06
1.0,0.85,0.0,0.0,,0.0,False,combined,710,3.2623794046134895,3.356827552310587,0.12632196359785547,0.0,0.057710796010590495,710,636,1.4156103134155273e-06
1.0,0.85,900.0,0.025,10.0,0.7,False,none,710,3.2623794046134895,3.356827552310587,0.12632196359785547,13.791369022809526,0.05716629203758266,691,1,1.4156103134155273e-06
1.0,0.85,900.0,0.025,10.0,0.7,False,combined,710,3.2623794046134895,3.356827552310587,0.12632196359785547,13.791369022809526,0.057710796010590495,710,5,1.4156103134155273e-06
1.0,0.85,900.0,0.025,10.0,1.0,False,none,710,3.2623794046134895,3.356827552310587,0.12632196359785547,13.791369022809526,0.05716629203758266,579,0,1.4156103134155273e-06
1.0,0.85,900.0,0.025,10.0,1.0,False,combined,710,3.2623794046134895,3.356827552310587,0.12632196359785547,13.791369022809526,0.057710796010590495,706,1,1.4156103134155273e-06
1.0,0.85,900.0,0.025,15.0,0.7,False,none,710,3.2623794046134895,3.356827552310587,0.12632196359785547,13.791369022809526,0.05716629203758266,710,6,1.4156103134155273e-06
1.0,0.85,900.0,0.025,15.0,0.7,False,combined,710,3.2623794046134895,3.356827552310587,0.12632196359785547,13.791369022809526,0.057710796010590495,710,15,1.4156103134155273e-06
1.0,0.85,900.0,0.025,15.0,1.0,False,none,710,3.2623794046134895,3.356827552310587,0.12632196359785547,13.791369022809526,0.05716629203758266,710,4,1.4156103134155273e-06
1.0,0.85,900.0,0.025,15.0,1.0,False,combined,710,3.2623794046134895,3.356827552310587,0.12632196359785547,13.791369022809526,0.057710796010590495,710,9,1.4156103134155273e-06
1.0,0.85,900.0,0.025,20.0,0.7,False,none,710,3.2623794046134895,3.356827552310587,0.12632196359785547,13.791369022809526,0.05716629203758266,710,6,1.4156103134155273e-06
1.0,0.85,900.0,0.025,20.0,0.7,False,combined,710,3.2623794046134895,3.356827552310587,0.12632196359785547,13.791369022809526,0.057710796010590495,710,20,1.4156103134155273e-06
1.0,0.85,900.0,0.025,20.0,1.0,False,none,710,3.2623794046134895,3.356827552310587,0.12632196359785547,13.791369022809526,0.05716629203758266,710,4,1.4156103134155273e-06
1.0,0.85,900.0,0.025,20.0,1.0,False,combined,710,3.2623794046134895,3.356827552310587,0.12632196359785547,13.791369022809526,0.057710796010590495,710,15,1.4156103134155273e-06
1.0,0.85,1500.0,0.025,10.0,0.7,False,none,710,3.2623794046134895,3.356827552310587,0.12632196359785547,22.98561503801588,0.05716629203758266,175,0,1.4156103134155273e-06
1.0,0.85,1500.0,0.025,10.0,0.7,False,combined,710,3.2623794046134895,3.356827552310587,0.12632196359785547,22.98561503801588,0.057710796010590495,337,0,1.4156103134155273e-06
1.0,0.85,1500.0,0.025,10.0,1.0,False,none,710,3.2623794046134895,3.356827552310587,0.12632196359785547,22.98561503801588,0.05716629203758266,23,0,1.4156103134155273e-06
1.0,0.85,1500.0,0.025,10.0,1.0,False,combined,710,3.2623794046134895,3.356827552310587,0.12632196359785547,22.98561503801588,0.057710796010590495,163,0,1.4156103134155273e-06
1.0,0.85,1500.0,0.025,15.0,0.7,False,none,710,3.2623794046134895,3.356827552310587,0.12632196359785547,22.98561503801588,0.05716629203758266,475,0,1.4156103134155273e-06
1.0,0.85,1500.0,0.025,15.0,0.7,False,combined,710,3.2623794046134895,3.356827552310587,0.12632196359785547,22.98561503801588,0.057710796010590495,628,0,1.4156103134155273e-06
1.0,0.85,1500.0,0.025,15.0,1.0,False,none,710,3.2623794046134895,3.356827552310587,0.12632196359785547,22.98561503801588,0.05716629203758266,331,0,1.4156103134155273e-06
1.0,0.85,1500.0,0.025,15.0,1.0,False,combined,710,3.2623794046134895,3.356827552310587,0.12632196359785547,22.98561503801588,0.057710796010590495,534,0,1.4156103134155273e-06
1.0,0.85,1500.0,0.025,20.0,0.7,False,none,710,3.2623794046134895,3.356827552310587,0.12632196359785547,22.98561503801588,0.05716629203758266,454,0,1.4156103134155273e-06
1.0,0.85,1500.0,0.025,20.0,0.7,False,combined,710,3.2623794046134895,3.356827552310587,0.12632196359785547,22.98561503801588,0.057710796010590495,618,0,1.4156103134155273e-06
1.0,0.85,1500.0,0.025,20.0,1.0,False,none,710,3.2623794046134895,3.356827552310587,0.12632196359785547,22.98561503801588,0.05716629203758266,318,0,1.4156103134155273e-06
1.0,0.85,1500.0,0.025,20.0,1.0,False,combined,710,3.2623794046134895,3.356827552310587,0.12632196359785547,22.98561503801588,0.057710796010590495,518,0,1.4156103134155273e-06
1.0,0.85,2400.0,0.025,10.0,0.7,False,none,710,3.2623794046134895,3.356827552310587,0.12632196359785547,36.776984060825406,0.05716629203758266,0,0,1.4156103134155273e-06
1.0,0.85,2400.0,0.025,10.0,0.7,False,combined,710,3.2623794046134895,3.356827552310587,0.12632196359785547,36.776984060825406,0.057710796010590495,4,0,1.4156103134155273e-06
1.0,0.85,2400.0,0.025,10.0,1.0,False,none,710,3.2623794046134895,3.356827552310587,0.12632196359785547,36.776984060825406,0.05716629203758266,0,0,1.4156103134155273e-06
1.0,0.85,2400.0,0.025,10.0,1.0,False,combined,710,3.2623794046134895,3.356827552310587,0.12632196359785547,36.776984060825406,0.057710796010590495,0,0,1.4156103134155273e-06
1.0,0.85,2400.0,0.025,15.0,0.7,False,none,710,3.2623794046134895,3.356827552310587,0.12632196359785547,36.776984060825406,0.05716629203758266,9,0,1.4156103134155273e-06
1.0,0.85,2400.0,0.025,15.0,0.7,False,combined,710,3.2623794046134895,3.356827552310587,0.12632196359785547,36.776984060825406,0.057710796010590495,98,0,1.4156103134155273e-06
1.0,0.85,2400.0,0.025,15.0,1.0,False,none,710,3.2623794046134895,3.356827552310587,0.12632196359785547,36.776984060825406,0.05716629203758266,4,0,1.4156103134155273e-06
1.0,0.85,2400.0,0.025,15.0,1.0,False,combined,710,3.2623794046134895,3.356827552310587,0.12632196359785547,36.776984060825406,0.057710796010590495,17,0,1.4156103134155273e-06
1.0,0.85,2400.0,0.025,20.0,0.7,False,none,710,3.2623794046134895,3.356827552310587,0.12632196359785547,36.776984060825406,0.05716629203758266,9,0,1.4156103134155273e-06
1.0,0.85,2400.0,0.025,20.0,0.7,False,combined,710,3.2623794046134895,3.356827552310587,0.12632196359785547,36.776984060825406,0.057710796010590495,70,0,1.4156103134155273e-06
1.0,0.85,2400.0,0.025,20.0,1.0,False,none,710,3.2623794046134895,3.356827552310587,0.12632196359785547,36.776984060825406,0.05716629203758266,4,0,1.4156103134155273e-06
1.0,0.85,2400.0,0.025,20.0,1.0,False,combined,710,3.2623794046134895,3.356827552310587,0.12632196359785547,36.776984060825406,0.057710796010590495,15,0,1.4156103134155273e-06
1.0,0.9,0.0,0.0,,0.0,False,none,710,3.2785180206431566,3.3398216259514046,0.12987274683518454,0.0,0.05745127495548779,710,607,1.4156103134155273e-06
1.0,0.9,0.0,0.0,,0.0,False,combined,710,3.2785180206431566,3.3398216259514046,0.12987274683518454,0.0,0.05800545519908095,710,681,1.4156103134155273e-06
1.0,0.9,900.0,0.025,10.0,0.7,False,none,710,3.2785180206431566,3.3398216259514046,0.12987274683518454,13.791369022809526,0.05745127495548779,709,4,1.4156103134155273e-06
1.0,0.9,900.0,0.025,10.0,0.7,False,combined,710,3.2785180206431566,3.3398216259514046,0.12987274683518454,13.791369022809526,0.05800545519908095,710,6,1.4156103134155273e-06
1.0,0.9,900.0,0.025,10.0,1.0,False,none,710,3.2785180206431566,3.3398216259514046,0.12987274683518454,13.791369022809526,0.05745127495548779,618,0,1.4156103134155273e-06
1.0,0.9,900.0,0.025,10.0,1.0,False,combined,710,3.2785180206431566,3.3398216259514046,0.12987274683518454,13.791369022809526,0.05800545519908095,710,4,1.4156103134155273e-06
1.0,0.9,900.0,0.025,15.0,0.7,False,none,710,3.2785180206431566,3.3398216259514046,0.12987274683518454,13.791369022809526,0.05745127495548779,710,7,1.4156103134155273e-06
1.0,0.9,900.0,0.025,15.0,0.7,False,combined,710,3.2785180206431566,3.3398216259514046,0.12987274683518454,13.791369022809526,0.05800545519908095,710,23,1.4156103134155273e-06
1.0,0.9,900.0,0.025,15.0,1.0,False,none,710,3.2785180206431566,3.3398216259514046,0.12987274683518454,13.791369022809526,0.05745127495548779,710,5,1.4156103134155273e-06
1.0,0.9,900.0,0.025,15.0,1.0,False,combined,710,3.2785180206431566,3.3398216259514046,0.12987274683518454,13.791369022809526,0.05800545519908095,710,15,1.4156103134155273e-06
1.0,0.9,900.0,0.025,20.0,0.7,False,none,710,3.2785180206431566,3.3398216259514046,0.12987274683518454,13.791369022809526,0.05745127495548779,710,9,1.4156103134155273e-06
1.0,0.9,900.0,0.025,20.0,0.7,False,combined,710,3.2785180206431566,3.3398216259514046,0.12987274683518454,13.791369022809526,0.05800545519908095,710,23,1.4156103134155273e-06
1.0,0.9,900.0,0.025,20.0,1.0,False,none,710,3.2785180206431566,3.3398216259514046,0.12987274683518454,13.791369022809526,0.05745127495548779,710,6,1.4156103134155273e-06
1.0,0.9,900.0,0.025,20.0,1.0,False,combined,710,3.2785180206431566,3.3398216259514046,0.12987274683518454,13.791369022809526,0.05800545519908095,710,20,1.4156103134155273e-06
1.0,0.9,1500.0,0.025,10.0,0.7,False,none,710,3.2785180206431566,3.3398216259514046,0.12987274683518454,22.98561503801588,0.05745127495548779,223,0,1.4156103134155273e-06
1.0,0.9,1500.0,0.025,10.0,0.7,False,combined,710,3.2785180206431566,3.3398216259514046,0.12987274683518454,22.98561503801588,0.05800545519908095,387,0,1.4156103134155273e-06
1.0,0.9,1500.0,0.025,10.0,1.0,False,none,710,3.2785180206431566,3.3398216259514046,0.12987274683518454,22.98561503801588,0.05745127495548779,46,0,1.4156103134155273e-06
1.0,0.9,1500.0,0.025,10.0,1.0,False,combined,710,3.2785180206431566,3.3398216259514046,0.12987274683518454,22.98561503801588,0.05800545519908095,189,0,1.4156103134155273e-06
1.0,0.9,1500.0,0.025,15.0,0.7,False,none,710,3.2785180206431566,3.3398216259514046,0.12987274683518454,22.98561503801588,0.05745127495548779,519,0,1.4156103134155273e-06
1.0,0.9,1500.0,0.025,15.0,0.7,False,combined,710,3.2785180206431566,3.3398216259514046,0.12987274683518454,22.98561503801588,0.05800545519908095,673,0,1.4156103134155273e-06
1.0,0.9,1500.0,0.025,15.0,1.0,False,none,710,3.2785180206431566,3.3398216259514046,0.12987274683518454,22.98561503801588,0.05745127495548779,383,0,1.4156103134155273e-06
1.0,0.9,1500.0,0.025,15.0,1.0,False,combined,710,3.2785180206431566,3.3398216259514046,0.12987274683518454,22.98561503801588,0.05800545519908095,580,0,1.4156103134155273e-06
1.0,0.9,1500.0,0.025,20.0,0.7,False,none,710,3.2785180206431566,3.3398216259514046,0.12987274683518454,22.98561503801588,0.05745127495548779,515,0,1.4156103134155273e-06
1.0,0.9,1500.0,0.025,20.0,0.7,False,combined,710,3.2785180206431566,3.3398216259514046,0.12987274683518454,22.98561503801588,0.05800545519908095,664,0,1.4156103134155273e-06
1.0,0.9,1500.0,0.025,20.0,1.0,False,none,710,3.2785180206431566,3.3398216259514046,0.12987274683518454,22.98561503801588,0.05745127495548779,372,0,1.4156103134155273e-06
1.0,0.9,1500.0,0.025,20.0,1.0,False,combined,710,3.2785180206431566,3.3398216259514046,0.12987274683518454,22.98561503801588,0.05800545519908095,570,0,1.4156103134155273e-06
1.0,0.9,2400.0,0.025,10.0,0.7,False,none,710,3.2785180206431566,3.3398216259514046,0.12987274683518454,36.776984060825406,0.05745127495548779,0,0,1.4156103134155273e-06
1.0,0.9,2400.0,0.025,10.0,0.7,False,combined,710,3.2785180206431566,3.3398216259514046,0.12987274683518454,36.776984060825406,0.05800545519908095,4,0,1.4156103134155273e-06
1.0,0.9,2400.0,0.025,10.0,1.0,False,none,710,3.2785180206431566,3.3398216259514046,0.12987274683518454,36.776984060825406,0.05745127495548779,0,0,1.4156103134155273e-06
1.0,0.9,2400.0,0.025,10.0,1.0,False,combined,710,3.2785180206431566,3.3398216259514046,0.12987274683518454,36.776984060825406,0.05800545519908095,0,0,1.4156103134155273e-06
1.0,0.9,2400.0,0.025,15.0,0.7,False,none,710,3.2785180206431566,3.3398216259514046,0.12987274683518454,36.776984060825406,0.05745127495548779,16,0,1.4156103134155273e-06
1.0,0.9,2400.0,0.025,15.0,0.7,False,combined,710,3.2785180206431566,3.3398216259514046,0.12987274683518454,36.776984060825406,0.05800545519908095,119,0,1.4156103134155273e-06
1.0,0.9,2400.0,0.025,15.0,1.0,False,none,710,3.2785180206431566,3.3398216259514046,0.12987274683518454,36.776984060825406,0.05745127495548779,5,0,1.4156103134155273e-06
1.0,0.9,2400.0,0.025,15.0,1.0,False,combined,710,3.2785180206431566,3.3398216259514046,0.12987274683518454,36.776984060825406,0.05800545519908095,23,0,1.4156103134155273e-06
1.0,0.9,2400.0,0.025,20.0,0.7,False,none,710,3.2785180206431566,3.3398216259514046,0.12987274683518454,36.776984060825406,0.05745127495548779,15,0,1.4156103134155273e-06
1.0,0.9,2400.0,0.025,20.0,0.7,False,combined,710,3.2785180206431566,3.3398216259514046,0.12987274683518454,36.776984060825406,0.05800545519908095,109,0,1.4156103134155273e-06
1.0,0.9,2400.0,0.025,20.0,1.0,False,none,710,3.2785180206431566,3.3398216259514046,0.12987274683518454,36.776984060825406,0.05745127495548779,4,0,1.4156103134155273e-06
1.0,0.9,2400.0,0.025,20.0,1.0,False,combined,710,3.2785180206431566,3.3398216259514046,0.12987274683518454,36.776984060825406,0.05800545519908095,23,0,1.4156103134155273e-06
1.0,0.95,0.0,0.0,,0.0,False,none,710,3.2940671124477854,3.323991566088624,0.13186723955380633,0.0,0.05772560514018959,710,655,1.4156103134155273e-06
1.0,0.95,0.0,0.0,,0.0,False,combined,710,3.2940671124477854,3.323991566088624,0.13186723955380633,0.0,0.05828828860693222,710,709,1.4156103134155273e-06
1.0,0.95,900.0,0.025,10.0,0.7,False,none,710,3.2940671124477854,3.323991566088624,0.13186723955380633,13.791369022809526,0.05772560514018959,710,4,1.4156103134155273e-06
1.0,0.95,900.0,0.025,10.0,0.7,False,combined,710,3.2940671124477854,3.323991566088624,0.13186723955380633,13.791369022809526,0.05828828860693222,710,9,1.4156103134155273e-06
1.0,0.95,900.0,0.025,10.0,1.0,False,none,710,3.2940671124477854,3.323991566088624,0.13186723955380633,13.791369022809526,0.05772560514018959,666,0,1.4156103134155273e-06
1.0,0.95,900.0,0.025,10.0,1.0,False,combined,710,3.2940671124477854,3.323991566088624,0.13186723955380633,13.791369022809526,0.05828828860693222,710,4,1.4156103134155273e-06
1.0,0.95,900.0,0.025,15.0,0.7,False,none,710,3.2940671124477854,3.323991566088624,0.13186723955380633,13.791369022809526,0.05772560514018959,710,15,1.4156103134155273e-06
1.0,0.95,900.0,0.025,15.0,0.7,False,combined,710,3.2940671124477854,3.323991566088624,0.13186723955380633,13.791369022809526,0.05828828860693222,710,31,1.4156103134155273e-06
1.0,0.95,900.0,0.025,15.0,1.0,False,none,710,3.2940671124477854,3.323991566088624,0.13186723955380633,13.791369022809526,0.05772560514018959,710,6,1.4156103134155273e-06
1.0,0.95,900.0,0.025,15.0,1.0,False,combined,710,3.2940671124477854,3.323991566088624,0.13186723955380633,13.791369022809526,0.05828828860693222,710,20,1.4156103134155273e-06
1.0,0.95,900.0,0.025,20.0,0.7,False,none,710,3.2940671124477854,3.323991566088624,0.13186723955380633,13.791369022809526,0.05772560514018959,710,16,1.4156103134155273e-06
1.0,0.95,900.0,0.025,20.0,0.7,False,combined,710,3.2940671124477854,3.323991566088624,0.13186723955380633,13.791369022809526,0.05828828860693222,710,51,1.4156103134155273e-06
1.0,0.95,900.0,0.025,20.0,1.0,False,none,710,3.2940671124477854,3.323991566088624,0.13186723955380633,13.791369022809526,0.05772560514018959,710,9,1.4156103134155273e-06
1.0,0.95,900.0,0.025,20.0,1.0,False,combined,710,3.2940671124477854,3.323991566088624,0.13186723955380633,13.791369022809526,0.05828828860693222,710,23,1.4156103134155273e-06
1.0,0.95,1500.0,0.025,10.0,0.7,False,none,710,3.2940671124477854,3.323991566088624,0.13186723955380633,22.98561503801588,0.05772560514018959,271,0,1.4156103134155273e-06
1.0,0.95,1500.0,0.025,10.0,0.7,False,combined,710,3.2940671124477854,3.323991566088624,0.13186723955380633,22.98561503801588,0.05828828860693222,464,0,1.4156103134155273e-06
1.0,0.95,1500.0,0.025,10.0,1.0,False,none,710,3.2940671124477854,3.323991566088624,0.13186723955380633,22.98561503801588,0.05772560514018959,87,0,1.4156103134155273e-06
1.0,0.95,1500.0,0.025,10.0,1.0,False,combined,710,3.2940671124477854,3.323991566088624,0.13186723955380633,22.98561503801588,0.05828828860693222,240,0,1.4156103134155273e-06
1.0,0.95,1500.0,0.025,15.0,0.7,False,none,710,3.2940671124477854,3.323991566088624,0.13186723955380633,22.98561503801588,0.05772560514018959,574,0,1.4156103134155273e-06
1.0,0.95,1500.0,0.025,15.0,0.7,False,combined,710,3.2940671124477854,3.323991566088624,0.13186723955380633,22.98561503801588,0.05828828860693222,705,0,1.4156103134155273e-06
1.0,0.95,1500.0,0.025,15.0,1.0,False,none,710,3.2940671124477854,3.323991566088624,0.13186723955380633,22.98561503801588,0.05772560514018959,447,0,1.4156103134155273e-06
1.0,0.95,1500.0,0.025,15.0,1.0,False,combined,710,3.2940671124477854,3.323991566088624,0.13186723955380633,22.98561503801588,0.05828828860693222,620,0,1.4156103134155273e-06
1.0,0.95,1500.0,0.025,20.0,0.7,False,none,710,3.2940671124477854,3.323991566088624,0.13186723955380633,22.98561503801588,0.05772560514018959,563,0,1.4156103134155273e-06
1.0,0.95,1500.0,0.025,20.0,0.7,False,combined,710,3.2940671124477854,3.323991566088624,0.13186723955380633,22.98561503801588,0.05828828860693222,702,1,1.4156103134155273e-06
1.0,0.95,1500.0,0.025,20.0,1.0,False,none,710,3.2940671124477854,3.323991566088624,0.13186723955380633,22.98561503801588,0.05772560514018959,434,0,1.4156103134155273e-06
1.0,0.95,1500.0,0.025,20.0,1.0,False,combined,710,3.2940671124477854,3.323991566088624,0.13186723955380633,22.98561503801588,0.05828828860693222,612,0,1.4156103134155273e-06
1.0,0.95,2400.0,0.025,10.0,0.7,False,none,710,3.2940671124477854,3.323991566088624,0.13186723955380633,36.776984060825406,0.05772560514018959,0,0,1.4156103134155273e-06
1.0,0.95,2400.0,0.025,10.0,0.7,False,combined,710,3.2940671124477854,3.323991566088624,0.13186723955380633,36.776984060825406,0.05828828860693222,6,0,1.4156103134155273e-06
1.0,0.95,2400.0,0.025,10.0,1.0,False,none,710,3.2940671124477854,3.323991566088624,0.13186723955380633,36.776984060825406,0.05772560514018959,0,0,1.4156103134155273e-06
1.0,0.95,2400.0,0.025,10.0,1.0,False,combined,710,3.2940671124477854,3.323991566088624,0.13186723955380633,36.776984060825406,0.05828828860693222,0,0,1.4156103134155273e-06
1.0,0.95,2400.0,0.025,15.0,0.7,False,none,710,3.2940671124477854,3.323991566088624,0.13186723955380633,36.776984060825406,0.05772560514018959,23,0,1.4156103134155273e-06
1.0,0.95,2400.0,0.025,15.0,0.7,False,combined,710,3.2940671124477854,3.323991566088624,0.13186723955380633,36.776984060825406,0.05828828860693222,144,0,1.4156103134155273e-06
1.0,0.95,2400.0,0.025,15.0,1.0,False,none,710,3.2940671124477854,3.323991566088624,0.13186723955380633,36.776984060825406,0.05772560514018959,6,0,1.4156103134155273e-06
1.0,0.95,2400.0,0.025,15.0,1.0,False,combined,710,3.2940671124477854,3.323991566088624,0.13186723955380633,36.776984060825406,0.05828828860693222,49,0,1.4156103134155273e-06
1.0,0.95,2400.0,0.025,20.0,0.7,False,none,710,3.2940671124477854,3.323991566088624,0.13186723955380633,36.776984060825406,0.05772560514018959,23,0,1.4156103134155273e-06
1.0,0.95,2400.0,0.025,20.0,0.7,False,combined,710,3.2940671124477854,3.323991566088624,0.13186723955380633,36.776984060825406,0.05828828860693222,129,0,1.4156103134155273e-06
1.0,0.95,2400.0,0.025,20.0,1.0,False,none,710,3.2940671124477854,3.323991566088624,0.13186723955380633,36.776984060825406,0.05772560514018959,6,0,1.4156103134155273e-06
1.0,0.95,2400.0,0.025,20.0,1.0,False,combined,710,3.2940671124477854,3.323991566088624,0.13186723955380633,36.776984060825406,0.05828828860693222,31,0,1.4156103134155273e-06
2.0,1.0,0.0,0.0,,0.0,True,none,710,3.844417159432117,3.844684239015607,0.26707958348579347,0.0,0.06756045462191304,710,710,1.4156103134155273e-06
2.0,1.0,0.0,0.0,,0.0,True,combined,710,3.844417159432117,3.844684239015607,0.26707958348579347,0.0,0.06896543044799767,710,710,1.4156103134155273e-06
2.0,1.0,900.0,0.025,10.0,0.7,False,none,710,3.844417159432117,3.844684239015607,0.26707958348579347,27.582738045619053,0.06756045462191304,709,17,1.4156103134155273e-06
2.0,1.0,900.0,0.025,10.0,0.7,False,combined,710,3.844417159432117,3.844684239015607,0.26707958348579347,27.582738045619053,0.06896543044799767,710,60,1.4156103134155273e-06
2.0,1.0,900.0,0.025,10.0,1.0,False,none,710,3.844417159432117,3.844684239015607,0.26707958348579347,27.582738045619053,0.06756045462191304,708,1,1.4156103134155273e-06
2.0,1.0,900.0,0.025,10.0,1.0,False,combined,710,3.844417159432117,3.844684239015607,0.26707958348579347,27.582738045619053,0.06896543044799767,709,5,1.4156103134155273e-06
2.0,1.0,900.0,0.025,15.0,0.7,False,none,710,3.844417159432117,3.844684239015607,0.26707958348579347,27.582738045619053,0.06756045462191304,710,210,1.4156103134155273e-06
2.0,1.0,900.0,0.025,15.0,0.7,False,combined,710,3.844417159432117,3.844684239015607,0.26707958348579347,27.582738045619053,0.06896543044799767,710,422,1.4156103134155273e-06
2.0,1.0,900.0,0.025,15.0,1.0,False,none,710,3.844417159432117,3.844684239015607,0.26707958348579347,27.582738045619053,0.06756045462191304,709,65,1.4156103134155273e-06
2.0,1.0,900.0,0.025,15.0,1.0,False,combined,710,3.844417159432117,3.844684239015607,0.26707958348579347,27.582738045619053,0.06896543044799767,710,229,1.4156103134155273e-06
2.0,1.0,900.0,0.025,20.0,0.7,False,none,710,3.844417159432117,3.844684239015607,0.26707958348579347,27.582738045619053,0.06756045462191304,710,268,1.4156103134155273e-06
2.0,1.0,900.0,0.025,20.0,0.7,False,combined,710,3.844417159432117,3.844684239015607,0.26707958348579347,27.582738045619053,0.06896543044799767,710,488,1.4156103134155273e-06
2.0,1.0,900.0,0.025,20.0,1.0,False,none,710,3.844417159432117,3.844684239015607,0.26707958348579347,27.582738045619053,0.06756045462191304,709,172,1.4156103134155273e-06
2.0,1.0,900.0,0.025,20.0,1.0,False,combined,710,3.844417159432117,3.844684239015607,0.26707958348579347,27.582738045619053,0.06896543044799767,710,373,1.4156103134155273e-06
2.0,1.0,1500.0,0.025,10.0,0.7,False,none,710,3.844417159432117,3.844684239015607,0.26707958348579347,45.97123007603176,0.06756045462191304,124,0,1.4156103134155273e-06
2.0,1.0,1500.0,0.025,10.0,0.7,False,combined,710,3.844417159432117,3.844684239015607,0.26707958348579347,45.97123007603176,0.06896543044799767,433,0,1.4156103134155273e-06
2.0,1.0,1500.0,0.025,10.0,1.0,False,none,710,3.844417159432117,3.844684239015607,0.26707958348579347,45.97123007603176,0.06756045462191304,2,0,1.4156103134155273e-06
2.0,1.0,1500.0,0.025,10.0,1.0,False,combined,710,3.844417159432117,3.844684239015607,0.26707958348579347,45.97123007603176,0.06896543044799767,32,0,1.4156103134155273e-06
2.0,1.0,1500.0,0.025,15.0,0.7,False,none,710,3.844417159432117,3.844684239015607,0.26707958348579347,45.97123007603176,0.06756045462191304,657,0,1.4156103134155273e-06
2.0,1.0,1500.0,0.025,15.0,0.7,False,combined,710,3.844417159432117,3.844684239015607,0.26707958348579347,45.97123007603176,0.06896543044799767,708,0,1.4156103134155273e-06
2.0,1.0,1500.0,0.025,15.0,1.0,False,none,710,3.844417159432117,3.844684239015607,0.26707958348579347,45.97123007603176,0.06756045462191304,504,0,1.4156103134155273e-06
2.0,1.0,1500.0,0.025,15.0,1.0,False,combined,710,3.844417159432117,3.844684239015607,0.26707958348579347,45.97123007603176,0.06896543044799767,671,0,1.4156103134155273e-06
2.0,1.0,1500.0,0.025,20.0,0.7,False,none,710,3.844417159432117,3.844684239015607,0.26707958348579347,45.97123007603176,0.06756045462191304,652,0,1.4156103134155273e-06
2.0,1.0,1500.0,0.025,20.0,0.7,False,combined,710,3.844417159432117,3.844684239015607,0.26707958348579347,45.97123007603176,0.06896543044799767,708,0,1.4156103134155273e-06
2.0,1.0,1500.0,0.025,20.0,1.0,False,none,710,3.844417159432117,3.844684239015607,0.26707958348579347,45.97123007603176,0.06756045462191304,479,0,1.4156103134155273e-06
2.0,1.0,1500.0,0.025,20.0,1.0,False,combined,710,3.844417159432117,3.844684239015607,0.26707958348579347,45.97123007603176,0.06896543044799767,662,0,1.4156103134155273e-06
2.0,1.0,2400.0,0.025,10.0,0.7,False,none,710,3.844417159432117,3.844684239015607,0.26707958348579347,73.55396812165081,0.06756045462191304,0,0,1.4156103134155273e-06
2.0,1.0,2400.0,0.025,10.0,0.7,False,combined,710,3.844417159432117,3.844684239015607,0.26707958348579347,73.55396812165081,0.06896543044799767,0,0,1.4156103134155273e-06
2.0,1.0,2400.0,0.025,10.0,1.0,False,none,710,3.844417159432117,3.844684239015607,0.26707958348579347,73.55396812165081,0.06756045462191304,0,0,1.4156103134155273e-06
2.0,1.0,2400.0,0.025,10.0,1.0,False,combined,710,3.844417159432117,3.844684239015607,0.26707958348579347,73.55396812165081,0.06896543044799767,0,0,1.4156103134155273e-06
2.0,1.0,2400.0,0.025,15.0,0.7,False,none,710,3.844417159432117,3.844684239015607,0.26707958348579347,73.55396812165081,0.06756045462191304,0,0,1.4156103134155273e-06
2.0,1.0,2400.0,0.025,15.0,0.7,False,combined,710,3.844417159432117,3.844684239015607,0.26707958348579347,73.55396812165081,0.06896543044799767,5,0,1.4156103134155273e-06
2.0,1.0,2400.0,0.025,15.0,1.0,False,none,710,3.844417159432117,3.844684239015607,0.26707958348579347,73.55396812165081,0.06756045462191304,0,0,1.4156103134155273e-06
2.0,1.0,2400.0,0.025,15.0,1.0,False,combined,710,3.844417159432117,3.844684239015607,0.26707958348579347,73.55396812165081,0.06896543044799767,0,0,1.4156103134155273e-06
2.0,1.0,2400.0,0.025,20.0,0.7,False,none,710,3.844417159432117,3.844684239015607,0.26707958348579347,73.55396812165081,0.06756045462191304,0,0,1.4156103134155273e-06
2.0,1.0,2400.0,0.025,20.0,0.7,False,combined,710,3.844417159432117,3.844684239015607,0.26707958348579347,73.55396812165081,0.06896543044799767,4,0,1.4156103134155273e-06
2.0,1.0,2400.0,0.025,20.0,1.0,False,none,710,3.844417159432117,3.844684239015607,0.26707958348579347,73.55396812165081,0.06756045462191304,0,0,1.4156103134155273e-06
2.0,1.0,2400.0,0.025,20.0,1.0,False,combined,710,3.844417159432117,3.844684239015607,0.26707958348579347,73.55396812165081,0.06896543044799767,0,0,1.4156103134155273e-06
2.0,0.85,0.0,0.0,,0.0,False,none,710,3.7549694823722315,3.9364017760783567,0.25789092566028243,0.0,0.06598395920874162,710,710,1.4156103134155273e-06
2.0,0.85,0.0,0.0,,0.0,False,combined,710,3.7549694823722315,3.9364017760783567,0.25789092566028243,0.0,0.06732731504995372,710,710,1.4156103134155273e-06
2.0,0.85,900.0,0.025,10.0,0.7,False,none,710,3.7549694823722315,3.9364017760783567,0.25789092566028243,27.582738045619053,0.06598395920874162,708,0,1.4156103134155273e-06
2.0,0.85,900.0,0.025,10.0,0.7,False,combined,710,3.7549694823722315,3.9364017760783567,0.25789092566028243,27.582738045619053,0.06732731504995372,709,5,1.4156103134155273e-06
2.0,0.85,900.0,0.025,10.0,1.0,False,none,710,3.7549694823722315,3.9364017760783567,0.25789092566028243,27.582738045619053,0.06598395920874162,632,0,1.4156103134155273e-06
2.0,0.85,900.0,0.025,10.0,1.0,False,combined,710,3.7549694823722315,3.9364017760783567,0.25789092566028243,27.582738045619053,0.06732731504995372,706,0,1.4156103134155273e-06
2.0,0.85,900.0,0.025,15.0,0.7,False,none,710,3.7549694823722315,3.9364017760783567,0.25789092566028243,27.582738045619053,0.06598395920874162,709,18,1.4156103134155273e-06
2.0,0.85,900.0,0.025,15.0,0.7,False,combined,710,3.7549694823722315,3.9364017760783567,0.25789092566028243,27.582738045619053,0.06732731504995372,710,110,1.4156103134155273e-06
2.0,0.85,900.0,0.025,15.0,1.0,False,none,710,3.7549694823722315,3.9364017760783567,0.25789092566028243,27.582738045619053,0.06598395920874162,709,5,1.4156103134155273e-06
2.0,0.85,900.0,0.025,15.0,1.0,False,combined,710,3.7549694823722315,3.9364017760783567,0.25789092566028243,27.582738045619053,0.06732731504995372,710,25,1.4156103134155273e-06
2.0,0.85,900.0,0.025,20.0,0.7,False,none,710,3.7549694823722315,3.9364017760783567,0.25789092566028243,27.582738045619053,0.06598395920874162,709,32,1.4156103134155273e-06
2.0,0.85,900.0,0.025,20.0,0.7,False,combined,710,3.7549694823722315,3.9364017760783567,0.25789092566028243,27.582738045619053,0.06732731504995372,710,169,1.4156103134155273e-06
2.0,0.85,900.0,0.025,20.0,1.0,False,none,710,3.7549694823722315,3.9364017760783567,0.25789092566028243,27.582738045619053,0.06598395920874162,709,16,1.4156103134155273e-06
2.0,0.85,900.0,0.025,20.0,1.0,False,combined,710,3.7549694823722315,3.9364017760783567,0.25789092566028243,27.582738045619053,0.06732731504995372,710,48,1.4156103134155273e-06
2.0,0.85,1500.0,0.025,10.0,0.7,False,none,710,3.7549694823722315,3.9364017760783567,0.25789092566028243,45.97123007603176,0.06598395920874162,7,0,1.4156103134155273e-06
2.0,0.85,1500.0,0.025,10.0,0.7,False,combined,710,3.7549694823722315,3.9364017760783567,0.25789092566028243,45.97123007603176,0.06732731504995372,121,0,1.4156103134155273e-06
2.0,0.85,1500.0,0.025,10.0,1.0,False,none,710,3.7549694823722315,3.9364017760783567,0.25789092566028243,45.97123007603176,0.06598395920874162,0,0,1.4156103134155273e-06
2.0,0.85,1500.0,0.025,10.0,1.0,False,combined,710,3.7549694823722315,3.9364017760783567,0.25789092566028243,45.97123007603176,0.06732731504995372,3,0,1.4156103134155273e-06
2.0,0.85,1500.0,0.025,15.0,0.7,False,none,710,3.7549694823722315,3.9364017760783567,0.25789092566028243,45.97123007603176,0.06598395920874162,460,0,1.4156103134155273e-06
2.0,0.85,1500.0,0.025,15.0,0.7,False,combined,710,3.7549694823722315,3.9364017760783567,0.25789092566028243,45.97123007603176,0.06732731504995372,660,0,1.4156103134155273e-06
2.0,0.85,1500.0,0.025,15.0,1.0,False,none,710,3.7549694823722315,3.9364017760783567,0.25789092566028243,45.97123007603176,0.06598395920874162,176,0,1.4156103134155273e-06
2.0,0.85,1500.0,0.025,15.0,1.0,False,combined,710,3.7549694823722315,3.9364017760783567,0.25789092566028243,45.97123007603176,0.06732731504995372,511,0,1.4156103134155273e-06
2.0,0.85,1500.0,0.025,20.0,0.7,False,none,710,3.7549694823722315,3.9364017760783567,0.25789092566028243,45.97123007603176,0.06598395920874162,438,0,1.4156103134155273e-06
2.0,0.85,1500.0,0.025,20.0,0.7,False,combined,710,3.7549694823722315,3.9364017760783567,0.25789092566028243,45.97123007603176,0.06732731504995372,653,0,1.4156103134155273e-06
2.0,0.85,1500.0,0.025,20.0,1.0,False,none,710,3.7549694823722315,3.9364017760783567,0.25789092566028243,45.97123007603176,0.06598395920874162,157,0,1.4156103134155273e-06
2.0,0.85,1500.0,0.025,20.0,1.0,False,combined,710,3.7549694823722315,3.9364017760783567,0.25789092566028243,45.97123007603176,0.06732731504995372,490,0,1.4156103134155273e-06
2.0,0.85,2400.0,0.025,10.0,0.7,False,none,710,3.7549694823722315,3.9364017760783567,0.25789092566028243,73.55396812165081,0.06598395920874162,0,0,1.4156103134155273e-06
2.0,0.85,2400.0,0.025,10.0,0.7,False,combined,710,3.7549694823722315,3.9364017760783567,0.25789092566028243,73.55396812165081,0.06732731504995372,0,0,1.4156103134155273e-06
2.0,0.85,2400.0,0.025,10.0,1.0,False,none,710,3.7549694823722315,3.9364017760783567,0.25789092566028243,73.55396812165081,0.06598395920874162,0,0,1.4156103134155273e-06
2.0,0.85,2400.0,0.025,10.0,1.0,False,combined,710,3.7549694823722315,3.9364017760783567,0.25789092566028243,73.55396812165081,0.06732731504995372,0,0,1.4156103134155273e-06
2.0,0.85,2400.0,0.025,15.0,0.7,False,none,710,3.7549694823722315,3.9364017760783567,0.25789092566028243,73.55396812165081,0.06598395920874162,0,0,1.4156103134155273e-06
2.0,0.85,2400.0,0.025,15.0,0.7,False,combined,710,3.7549694823722315,3.9364017760783567,0.25789092566028243,73.55396812165081,0.06732731504995372,0,0,1.4156103134155273e-06
2.0,0.85,2400.0,0.025,15.0,1.0,False,none,710,3.7549694823722315,3.9364017760783567,0.25789092566028243,73.55396812165081,0.06598395920874162,0,0,1.4156103134155273e-06
2.0,0.85,2400.0,0.025,15.0,1.0,False,combined,710,3.7549694823722315,3.9364017760783567,0.25789092566028243,73.55396812165081,0.06732731504995372,0,0,1.4156103134155273e-06
2.0,0.85,2400.0,0.025,20.0,0.7,False,none,710,3.7549694823722315,3.9364017760783567,0.25789092566028243,73.55396812165081,0.06598395920874162,0,0,1.4156103134155273e-06
2.0,0.85,2400.0,0.025,20.0,0.7,False,combined,710,3.7549694823722315,3.9364017760783567,0.25789092566028243,73.55396812165081,0.06732731504995372,0,0,1.4156103134155273e-06
2.0,0.85,2400.0,0.025,20.0,1.0,False,none,710,3.7549694823722315,3.9364017760783567,0.25789092566028243,73.55396812165081,0.06598395920874162,0,0,1.4156103134155273e-06
2.0,0.85,2400.0,0.025,20.0,1.0,False,combined,710,3.7549694823722315,3.9364017760783567,0.25789092566028243,73.55396812165081,0.06732731504995372,0,0,1.4156103134155273e-06
2.0,0.9,0.0,0.0,,0.0,False,none,710,3.7855334651497015,3.9032535576408685,0.25981724727403993,0.0,0.06652261066632066,710,710,1.4156103134155273e-06
2.0,0.9,0.0,0.0,,0.0,False,combined,710,3.7855334651497015,3.9032535576408685,0.25981724727403993,0.0,0.06788701443948797,710,710,1.4156103134155273e-06
2.0,0.9,900.0,0.025,10.0,0.7,False,none,710,3.7855334651497015,3.9032535576408685,0.25981724727403993,27.582738045619053,0.06652261066632066,709,3,1.4156103134155273e-06
2.0,0.9,900.0,0.025,10.0,0.7,False,combined,710,3.7855334651497015,3.9032535576408685,0.25981724727403993,27.582738045619053,0.06788701443948797,709,17,1.4156103134155273e-06
2.0,0.9,900.0,0.025,10.0,1.0,False,none,710,3.7855334651497015,3.9032535576408685,0.25981724727403993,27.582738045619053,0.06652261066632066,667,0,1.4156103134155273e-06
2.0,0.9,900.0,0.025,10.0,1.0,False,combined,710,3.7855334651497015,3.9032535576408685,0.25981724727403993,27.582738045619053,0.06788701443948797,708,1,1.4156103134155273e-06
2.0,0.9,900.0,0.025,15.0,0.7,False,none,710,3.7855334651497015,3.9032535576408685,0.25981724727403993,27.582738045619053,0.06652261066632066,710,36,1.4156103134155273e-06
2.0,0.9,900.0,0.025,15.0,0.7,False,combined,710,3.7855334651497015,3.9032535576408685,0.25981724727403993,27.582738045619053,0.06788701443948797,710,205,1.4156103134155273e-06
2.0,0.9,900.0,0.025,15.0,1.0,False,none,710,3.7855334651497015,3.9032535576408685,0.25981724727403993,27.582738045619053,0.06652261066632066,709,17,1.4156103134155273e-06
2.0,0.9,900.0,0.025,15.0,1.0,False,combined,710,3.7855334651497015,3.9032535576408685,0.25981724727403993,27.582738045619053,0.06788701443948797,710,58,1.4156103134155273e-06
2.0,0.9,900.0,0.025,20.0,0.7,False,none,710,3.7855334651497015,3.9032535576408685,0.25981724727403993,27.582738045619053,0.06652261066632066,710,69,1.4156103134155273e-06
2.0,0.9,900.0,0.025,20.0,0.7,False,combined,710,3.7855334651497015,3.9032535576408685,0.25981724727403993,27.582738045619053,0.06788701443948797,710,244,1.4156103134155273e-06
2.0,0.9,900.0,0.025,20.0,1.0,False,none,710,3.7855334651497015,3.9032535576408685,0.25981724727403993,27.582738045619053,0.06652261066632066,709,25,1.4156103134155273e-06
2.0,0.9,900.0,0.025,20.0,1.0,False,combined,710,3.7855334651497015,3.9032535576408685,0.25981724727403993,27.582738045619053,0.06788701443948797,710,154,1.4156103134155273e-06
2.0,0.9,1500.0,0.025,10.0,0.7,False,none,710,3.7855334651497015,3.9032535576408685,0.25981724727403993,45.97123007603176,0.06652261066632066,19,0,1.4156103134155273e-06
2.0,0.9,1500.0,0.025,10.0,0.7,False,combined,710,3.7855334651497015,3.9032535576408685,0.25981724727403993,45.97123007603176,0.06788701443948797,215,0,1.4156103134155273e-06
2.0,0.9,1500.0,0.025,10.0,1.0,False,none,710,3.7855334651497015,3.9032535576408685,0.25981724727403993,45.97123007603176,0.06652261066632066,0,0,1.4156103134155273e-06
2.0,0.9,1500.0,0.025,10.0,1.0,False,combined,710,3.7855334651497015,3.9032535576408685,0.25981724727403993,45.97123007603176,0.06788701443948797,5,0,1.4156103134155273e-06
2.0,0.9,1500.0,0.025,15.0,0.7,False,none,710,3.7855334651497015,3.9032535576408685,0.25981724727403993,45.97123007603176,0.06652261066632066,555,0,1.4156103134155273e-06
2.0,0.9,1500.0,0.025,15.0,0.7,False,combined,710,3.7855334651497015,3.9032535576408685,0.25981724727403993,45.97123007603176,0.06788701443948797,676,0,1.4156103134155273e-06
2.0,0.9,1500.0,0.025,15.0,1.0,False,none,710,3.7855334651497015,3.9032535576408685,0.25981724727403993,45.97123007603176,0.06652261066632066,259,0,1.4156103134155273e-06
2.0,0.9,1500.0,0.025,15.0,1.0,False,combined,710,3.7855334651497015,3.9032535576408685,0.25981724727403993,45.97123007603176,0.06788701443948797,581,0,1.4156103134155273e-06
2.0,0.9,1500.0,0.025,20.0,0.7,False,none,710,3.7855334651497015,3.9032535576408685,0.25981724727403993,45.97123007603176,0.06652261066632066,545,0,1.4156103134155273e-06
2.0,0.9,1500.0,0.025,20.0,0.7,False,combined,710,3.7855334651497015,3.9032535576408685,0.25981724727403993,45.97123007603176,0.06788701443948797,675,0,1.4156103134155273e-06
2.0,0.9,1500.0,0.025,20.0,1.0,False,none,710,3.7855334651497015,3.9032535576408685,0.25981724727403993,45.97123007603176,0.06652261066632066,231,0,1.4156103134155273e-06
2.0,0.9,1500.0,0.025,20.0,1.0,False,combined,710,3.7855334651497015,3.9032535576408685,0.25981724727403993,45.97123007603176,0.06788701443948797,561,0,1.4156103134155273e-06
2.0,0.9,2400.0,0.025,10.0,0.7,False,none,710,3.7855334651497015,3.9032535576408685,0.25981724727403993,73.55396812165081,0.06652261066632066,0,0,1.4156103134155273e-06
2.0,0.9,2400.0,0.025,10.0,0.7,False,combined,710,3.7855334651497015,3.9032535576408685,0.25981724727403993,73.55396812165081,0.06788701443948797,0,0,1.4156103134155273e-06
2.0,0.9,2400.0,0.025,10.0,1.0,False,none,710,3.7855334651497015,3.9032535576408685,0.25981724727403993,73.55396812165081,0.06652261066632066,0,0,1.4156103134155273e-06
2.0,0.9,2400.0,0.025,10.0,1.0,False,combined,710,3.7855334651497015,3.9032535576408685,0.25981724727403993,73.55396812165081,0.06788701443948797,0,0,1.4156103134155273e-06
2.0,0.9,2400.0,0.025,15.0,0.7,False,none,710,3.7855334651497015,3.9032535576408685,0.25981724727403993,73.55396812165081,0.06652261066632066,0,0,1.4156103134155273e-06
2.0,0.9,2400.0,0.025,15.0,0.7,False,combined,710,3.7855334651497015,3.9032535576408685,0.25981724727403993,73.55396812165081,0.06788701443948797,1,0,1.4156103134155273e-06
2.0,0.9,2400.0,0.025,15.0,1.0,False,none,710,3.7855334651497015,3.9032535576408685,0.25981724727403993,73.55396812165081,0.06652261066632066,0,0,1.4156103134155273e-06
2.0,0.9,2400.0,0.025,15.0,1.0,False,combined,710,3.7855334651497015,3.9032535576408685,0.25981724727403993,73.55396812165081,0.06788701443948797,0,0,1.4156103134155273e-06
2.0,0.9,2400.0,0.025,20.0,0.7,False,none,710,3.7855334651497015,3.9032535576408685,0.25981724727403993,73.55396812165081,0.06652261066632066,0,0,1.4156103134155273e-06
2.0,0.9,2400.0,0.025,20.0,0.7,False,combined,710,3.7855334651497015,3.9032535576408685,0.25981724727403993,73.55396812165081,0.06788701443948797,1,0,1.4156103134155273e-06
2.0,0.9,2400.0,0.025,20.0,1.0,False,none,710,3.7855334651497015,3.9032535576408685,0.25981724727403993,73.55396812165081,0.06652261066632066,0,0,1.4156103134155273e-06
2.0,0.9,2400.0,0.025,20.0,1.0,False,combined,710,3.7855334651497015,3.9032535576408685,0.25981724727403993,73.55396812165081,0.06788701443948797,0,0,1.4156103134155273e-06
2.0,0.95,0.0,0.0,,0.0,False,none,710,3.8153465051858846,3.8728158270663577,0.2618583413929767,0.0,0.06704805952521375,710,710,1.4156103134155273e-06
2.0,0.95,0.0,0.0,,0.0,False,combined,710,3.8153465051858846,3.8728158270663577,0.2618583413929767,0.0,0.06843319010891345,710,710,1.4156103134155273e-06
2.0,0.95,900.0,0.025,10.0,0.7,False,none,710,3.8153465051858846,3.8728158270663577,0.2618583413929767,27.582738045619053,0.06704805952521375,709,4,1.4156103134155273e-06
2.0,0.95,900.0,0.025,10.0,0.7,False,combined,710,3.8153465051858846,3.8728158270663577,0.2618583413929767,27.582738045619053,0.06843319010891345,709,25,1.4156103134155273e-06
2.0,0.95,900.0,0.025,10.0,1.0,False,none,710,3.8153465051858846,3.8728158270663577,0.2618583413929767,27.582738045619053,0.06704805952521375,689,0,1.4156103134155273e-06
2.0,0.95,900.0,0.025,10.0,1.0,False,combined,710,3.8153465051858846,3.8728158270663577,0.2618583413929767,27.582738045619053,0.06843319010891345,709,3,1.4156103134155273e-06
2.0,0.95,900.0,0.025,15.0,0.7,False,none,710,3.8153465051858846,3.8728158270663577,0.2618583413929767,27.582738045619053,0.06704805952521375,710,116,1.4156103134155273e-06
2.0,0.95,900.0,0.025,15.0,0.7,False,combined,710,3.8153465051858846,3.8728158270663577,0.2618583413929767,27.582738045619053,0.06843319010891345,710,301,1.4156103134155273e-06
2.0,0.95,900.0,0.025,15.0,1.0,False,none,710,3.8153465051858846,3.8728158270663577,0.2618583413929767,27.582738045619053,0.06704805952521375,709,25,1.4156103134155273e-06
2.0,0.95,900.0,0.025,15.0,1.0,False,combined,710,3.8153465051858846,3.8728158270663577,0.2618583413929767,27.582738045619053,0.06843319010891345,710,162,1.4156103134155273e-06
2.0,0.95,900.0,0.025,20.0,0.7,False,none,710,3.8153465051858846,3.8728158270663577,0.2618583413929767,27.582738045619053,0.06704805952521375,710,189,1.4156103134155273e-06
2.0,0.95,900.0,0.025,20.0,0.7,False,combined,710,3.8153465051858846,3.8728158270663577,0.2618583413929767,27.582738045619053,0.06843319010891345,710,396,1.4156103134155273e-06
2.0,0.95,900.0,0.025,20.0,1.0,False,none,710,3.8153465051858846,3.8728158270663577,0.2618583413929767,27.582738045619053,0.06704805952521375,709,63,1.4156103134155273e-06
2.0,0.95,900.0,0.025,20.0,1.0,False,combined,710,3.8153465051858846,3.8728158270663577,0.2618583413929767,27.582738045619053,0.06843319010891345,710,225,1.4156103134155273e-06
2.0,0.95,1500.0,0.025,10.0,0.7,False,none,710,3.8153465051858846,3.8728158270663577,0.2618583413929767,45.97123007603176,0.06704805952521375,39,0,1.4156103134155273e-06
2.0,0.95,1500.0,0.025,10.0,0.7,False,combined,710,3.8153465051858846,3.8728158270663577,0.2618583413929767,45.97123007603176,0.06843319010891345,329,0,1.4156103134155273e-06
2.0,0.95,1500.0,0.025,10.0,1.0,False,none,710,3.8153465051858846,3.8728158270663577,0.2618583413929767,45.97123007603176,0.06704805952521375,0,0,1.4156103134155273e-06
2.0,0.95,1500.0,0.025,10.0,1.0,False,combined,710,3.8153465051858846,3.8728158270663577,0.2618583413929767,45.97123007603176,0.06843319010891345,17,0,1.4156103134155273e-06
2.0,0.95,1500.0,0.025,15.0,0.7,False,none,710,3.8153465051858846,3.8728158270663577,0.2618583413929767,45.97123007603176,0.06704805952521375,623,0,1.4156103134155273e-06
2.0,0.95,1500.0,0.025,15.0,0.7,False,combined,710,3.8153465051858846,3.8728158270663577,0.2618583413929767,45.97123007603176,0.06843319010891345,703,0,1.4156103134155273e-06
2.0,0.95,1500.0,0.025,15.0,1.0,False,none,710,3.8153465051858846,3.8728158270663577,0.2618583413929767,45.97123007603176,0.06704805952521375,413,0,1.4156103134155273e-06
2.0,0.95,1500.0,0.025,15.0,1.0,False,combined,710,3.8153465051858846,3.8728158270663577,0.2618583413929767,45.97123007603176,0.06843319010891345,643,0,1.4156103134155273e-06
2.0,0.95,1500.0,0.025,20.0,0.7,False,none,710,3.8153465051858846,3.8728158270663577,0.2618583413929767,45.97123007603176,0.06704805952521375,610,0,1.4156103134155273e-06
2.0,0.95,1500.0,0.025,20.0,0.7,False,combined,710,3.8153465051858846,3.8728158270663577,0.2618583413929767,45.97123007603176,0.06843319010891345,700,0,1.4156103134155273e-06
2.0,0.95,1500.0,0.025,20.0,1.0,False,none,710,3.8153465051858846,3.8728158270663577,0.2618583413929767,45.97123007603176,0.06704805952521375,393,0,1.4156103134155273e-06
2.0,0.95,1500.0,0.025,20.0,1.0,False,combined,710,3.8153465051858846,3.8728158270663577,0.2618583413929767,45.97123007603176,0.06843319010891345,633,0,1.4156103134155273e-06
2.0,0.95,2400.0,0.025,10.0,0.7,False,none,710,3.8153465051858846,3.8728158270663577,0.2618583413929767,73.55396812165081,0.06704805952521375,0,0,1.4156103134155273e-06
2.0,0.95,2400.0,0.025,10.0,0.7,False,combined,710,3.8153465051858846,3.8728158270663577,0.2618583413929767,73.55396812165081,0.06843319010891345,0,0,1.4156103134155273e-06
2.0,0.95,2400.0,0.025,10.0,1.0,False,none,710,3.8153465051858846,3.8728158270663577,0.2618583413929767,73.55396812165081,0.06704805952521375,0,0,1.4156103134155273e-06
2.0,0.95,2400.0,0.025,10.0,1.0,False,combined,710,3.8153465051858846,3.8728158270663577,0.2618583413929767,73.55396812165081,0.06843319010891345,0,0,1.4156103134155273e-06
2.0,0.95,2400.0,0.025,15.0,0.7,False,none,710,3.8153465051858846,3.8728158270663577,0.2618583413929767,73.55396812165081,0.06704805952521375,0,0,1.4156103134155273e-06
2.0,0.95,2400.0,0.025,15.0,0.7,False,combined,710,3.8153465051858846,3.8728158270663577,0.2618583413929767,73.55396812165081,0.06843319010891345,3,0,1.4156103134155273e-06
2.0,0.95,2400.0,0.025,15.0,1.0,False,none,710,3.8153465051858846,3.8728158270663577,0.2618583413929767,73.55396812165081,0.06704805952521375,0,0,1.4156103134155273e-06
2.0,0.95,2400.0,0.025,15.0,1.0,False,combined,710,3.8153465051858846,3.8728158270663577,0.2618583413929767,73.55396812165081,0.06843319010891345,0,0,1.4156103134155273e-06
2.0,0.95,2400.0,0.025,20.0,0.7,False,none,710,3.8153465051858846,3.8728158270663577,0.2618583413929767,73.55396812165081,0.06704805952521375,0,0,1.4156103134155273e-06
2.0,0.95,2400.0,0.025,20.0,0.7,False,combined,710,3.8153465051858846,3.8728158270663577,0.2618583413929767,73.55396812165081,0.06843319010891345,3,0,1.4156103134155273e-06
2.0,0.95,2400.0,0.025,20.0,1.0,False,none,710,3.8153465051858846,3.8728158270663577,0.2618583413929767,73.55396812165081,0.06704805952521375,0,0,1.4156103134155273e-06
2.0,0.95,2400.0,0.025,20.0,1.0,False,combined,710,3.8153465051858846,3.8728158270663577,0.2618583413929767,73.55396812165081,0.06843319010891345,0,0,1.4156103134155273e-06
4.0,1.0,0.0,0.0,,0.0,True,none,710,4.83544354813089,4.8360105081228015,0.5669599919125704,0.0,0.08492425144091136,710,710,1.4156103134155273e-06
4.0,1.0,0.0,0.0,,0.0,True,combined,710,4.83544354813089,4.8360105081228015,0.5669599919125704,0.0,0.0877325832315503,710,710,1.4156103134155273e-06
4.0,1.0,900.0,0.025,10.0,0.7,False,none,710,4.83544354813089,4.8360105081228015,0.5669599919125704,55.165476091238105,0.08492425144091136,700,87,1.4156103134155273e-06
4.0,1.0,900.0,0.025,10.0,0.7,False,combined,710,4.83544354813089,4.8360105081228015,0.5669599919125704,55.165476091238105,0.0877325832315503,708,346,1.4156103134155273e-06
4.0,1.0,900.0,0.025,10.0,1.0,False,none,710,4.83544354813089,4.8360105081228015,0.5669599919125704,55.165476091238105,0.08492425144091136,624,0,1.4156103134155273e-06
4.0,1.0,900.0,0.025,10.0,1.0,False,combined,710,4.83544354813089,4.8360105081228015,0.5669599919125704,55.165476091238105,0.0877325832315503,690,9,1.4156103134155273e-06
4.0,1.0,900.0,0.025,15.0,0.7,False,none,710,4.83544354813089,4.8360105081228015,0.5669599919125704,55.165476091238105,0.08492425144091136,709,522,1.4156103134155273e-06
4.0,1.0,900.0,0.025,15.0,0.7,False,combined,710,4.83544354813089,4.8360105081228015,0.5669599919125704,55.165476091238105,0.0877325832315503,709,604,1.4156103134155273e-06
4.0,1.0,900.0,0.025,15.0,1.0,False,none,710,4.83544354813089,4.8360105081228015,0.5669599919125704,55.165476091238105,0.08492425144091136,708,411,1.4156103134155273e-06
4.0,1.0,900.0,0.025,15.0,1.0,False,combined,710,4.83544354813089,4.8360105081228015,0.5669599919125704,55.165476091238105,0.0877325832315503,709,544,1.4156103134155273e-06
4.0,1.0,900.0,0.025,20.0,0.7,False,none,710,4.83544354813089,4.8360105081228015,0.5669599919125704,55.165476091238105,0.08492425144091136,709,573,1.4156103134155273e-06
4.0,1.0,900.0,0.025,20.0,0.7,False,combined,710,4.83544354813089,4.8360105081228015,0.5669599919125704,55.165476091238105,0.0877325832315503,709,615,1.4156103134155273e-06
4.0,1.0,900.0,0.025,20.0,1.0,False,none,710,4.83544354813089,4.8360105081228015,0.5669599919125704,55.165476091238105,0.08492425144091136,708,498,1.4156103134155273e-06
4.0,1.0,900.0,0.025,20.0,1.0,False,combined,710,4.83544354813089,4.8360105081228015,0.5669599919125704,55.165476091238105,0.0877325832315503,709,585,1.4156103134155273e-06
4.0,1.0,1500.0,0.025,10.0,0.7,False,none,710,4.83544354813089,4.8360105081228015,0.5669599919125704,91.94246015206352,0.08492425144091136,0,0,1.4156103134155273e-06
4.0,1.0,1500.0,0.025,10.0,0.7,False,combined,710,4.83544354813089,4.8360105081228015,0.5669599919125704,91.94246015206352,0.0877325832315503,73,0,1.4156103134155273e-06
4.0,1.0,1500.0,0.025,10.0,1.0,False,none,710,4.83544354813089,4.8360105081228015,0.5669599919125704,91.94246015206352,0.08492425144091136,0,0,1.4156103134155273e-06
4.0,1.0,1500.0,0.025,10.0,1.0,False,combined,710,4.83544354813089,4.8360105081228015,0.5669599919125704,91.94246015206352,0.0877325832315503,0,0,1.4156103134155273e-06
4.0,1.0,1500.0,0.025,15.0,0.7,False,none,710,4.83544354813089,4.8360105081228015,0.5669599919125704,91.94246015206352,0.08492425144091136,511,0,1.4156103134155273e-06
4.0,1.0,1500.0,0.025,15.0,0.7,False,combined,710,4.83544354813089,4.8360105081228015,0.5669599919125704,91.94246015206352,0.0877325832315503,615,0,1.4156103134155273e-06
4.0,1.0,1500.0,0.025,15.0,1.0,False,none,710,4.83544354813089,4.8360105081228015,0.5669599919125704,91.94246015206352,0.08492425144091136,285,0,1.4156103134155273e-06
4.0,1.0,1500.0,0.025,15.0,1.0,False,combined,710,4.83544354813089,4.8360105081228015,0.5669599919125704,91.94246015206352,0.0877325832315503,511,0,1.4156103134155273e-06
4.0,1.0,1500.0,0.025,20.0,0.7,False,none,710,4.83544354813089,4.8360105081228015,0.5669599919125704,91.94246015206352,0.08492425144091136,506,0,1.4156103134155273e-06
4.0,1.0,1500.0,0.025,20.0,0.7,False,combined,710,4.83544354813089,4.8360105081228015,0.5669599919125704,91.94246015206352,0.0877325832315503,614,0,1.4156103134155273e-06
4.0,1.0,1500.0,0.025,20.0,1.0,False,none,710,4.83544354813089,4.8360105081228015,0.5669599919125704,91.94246015206352,0.08492425144091136,247,0,1.4156103134155273e-06
4.0,1.0,1500.0,0.025,20.0,1.0,False,combined,710,4.83544354813089,4.8360105081228015,0.5669599919125704,91.94246015206352,0.0877325832315503,506,0,1.4156103134155273e-06
4.0,1.0,2400.0,0.025,10.0,0.7,False,none,710,4.83544354813089,4.8360105081228015,0.5669599919125704,147.10793624330162,0.08492425144091136,0,0,1.4156103134155273e-06
4.0,1.0,2400.0,0.025,10.0,0.7,False,combined,710,4.83544354813089,4.8360105081228015,0.5669599919125704,147.10793624330162,0.0877325832315503,0,0,1.4156103134155273e-06
4.0,1.0,2400.0,0.025,10.0,1.0,False,none,710,4.83544354813089,4.8360105081228015,0.5669599919125704,147.10793624330162,0.08492425144091136,0,0,1.4156103134155273e-06
4.0,1.0,2400.0,0.025,10.0,1.0,False,combined,710,4.83544354813089,4.8360105081228015,0.5669599919125704,147.10793624330162,0.0877325832315503,0,0,1.4156103134155273e-06
4.0,1.0,2400.0,0.025,15.0,0.7,False,none,710,4.83544354813089,4.8360105081228015,0.5669599919125704,147.10793624330162,0.08492425144091136,0,0,1.4156103134155273e-06
4.0,1.0,2400.0,0.025,15.0,0.7,False,combined,710,4.83544354813089,4.8360105081228015,0.5669599919125704,147.10793624330162,0.0877325832315503,0,0,1.4156103134155273e-06
4.0,1.0,2400.0,0.025,15.0,1.0,False,none,710,4.83544354813089,4.8360105081228015,0.5669599919125704,147.10793624330162,0.08492425144091136,0,0,1.4156103134155273e-06
4.0,1.0,2400.0,0.025,15.0,1.0,False,combined,710,4.83544354813089,4.8360105081228015,0.5669599919125704,147.10793624330162,0.0877325832315503,0,0,1.4156103134155273e-06
4.0,1.0,2400.0,0.025,20.0,0.7,False,none,710,4.83544354813089,4.8360105081228015,0.5669599919125704,147.10793624330162,0.08492425144091136,0,0,1.4156103134155273e-06
4.0,1.0,2400.0,0.025,20.0,0.7,False,combined,710,4.83544354813089,4.8360105081228015,0.5669599919125704,147.10793624330162,0.0877325832315503,0,0,1.4156103134155273e-06
4.0,1.0,2400.0,0.025,20.0,1.0,False,none,710,4.83544354813089,4.8360105081228015,0.5669599919125704,147.10793624330162,0.08492425144091136,0,0,1.4156103134155273e-06
4.0,1.0,2400.0,0.025,20.0,1.0,False,combined,710,4.83544354813089,4.8360105081228015,0.5669599919125704,147.10793624330162,0.0877325832315503,0,0,1.4156103134155273e-06
4.0,0.85,0.0,0.0,,0.0,False,none,710,4.664648569244805,5.006872597835961,0.5678419140325287,0.0,0.08193756055739489,710,710,1.4156103134155273e-06
4.0,0.85,0.0,0.0,,0.0,False,combined,710,4.664648569244805,5.006872597835961,0.5678419140325287,0.0,0.08460171900567263,710,710,1.4156103134155273e-06
4.0,0.85,900.0,0.025,10.0,0.7,False,none,710,4.664648569244805,5.006872597835961,0.5678419140325287,55.165476091238105,0.08193756055739489,660,0,1.4156103134155273e-06
4.0,0.85,900.0,0.025,10.0,0.7,False,combined,710,4.664648569244805,5.006872597835961,0.5678419140325287,55.165476091238105,0.08460171900567263,699,7,1.4156103134155273e-06
4.0,0.85,900.0,0.025,10.0,1.0,False,none,710,4.664648569244805,5.006872597835961,0.5678419140325287,55.165476091238105,0.08193756055739489,489,0,1.4156103134155273e-06
4.0,0.85,900.0,0.025,10.0,1.0,False,combined,710,4.664648569244805,5.006872597835961,0.5678419140325287,55.165476091238105,0.08460171900567263,613,0,1.4156103134155273e-06
4.0,0.85,900.0,0.025,15.0,0.7,False,none,710,4.664648569244805,5.006872597835961,0.5678419140325287,55.165476091238105,0.08193756055739489,708,218,1.4156103134155273e-06
4.0,0.85,900.0,0.025,15.0,0.7,False,combined,710,4.664648569244805,5.006872597835961,0.5678419140325287,55.165476091238105,0.08460171900567263,709,446,1.4156103134155273e-06
4.0,0.85,900.0,0.025,15.0,1.0,False,none,710,4.664648569244805,5.006872597835961,0.5678419140325287,55.165476091238105,0.08193756055739489,700,15,1.4156103134155273e-06
4.0,0.85,900.0,0.025,15.0,1.0,False,combined,710,4.664648569244805,5.006872597835961,0.5678419140325287,55.165476091238105,0.08460171900567263,708,255,1.4156103134155273e-06
4.0,0.85,900.0,0.025,20.0,0.7,False,none,710,4.664648569244805,5.006872597835961,0.5678419140325287,55.165476091238105,0.08193756055739489,708,319,1.4156103134155273e-06
4.0,0.85,900.0,0.025,20.0,0.7,False,combined,710,4.664648569244805,5.006872597835961,0.5678419140325287,55.165476091238105,0.08460171900567263,709,490,1.4156103134155273e-06
4.0,0.85,900.0,0.025,20.0,1.0,False,none,710,4.664648569244805,5.006872597835961,0.5678419140325287,55.165476091238105,0.08193756055739489,699,107,1.4156103134155273e-06
4.0,0.85,900.0,0.025,20.0,1.0,False,combined,710,4.664648569244805,5.006872597835961,0.5678419140325287,55.165476091238105,0.08460171900567263,708,362,1.4156103134155273e-06
4.0,0.85,1500.0,0.025,10.0,0.7,False,none,710,4.664648569244805,5.006872597835961,0.5678419140325287,91.94246015206352,0.08193756055739489,0,0,1.4156103134155273e-06
4.0,0.85,1500.0,0.025,10.0,0.7,False,combined,710,4.664648569244805,5.006872597835961,0.5678419140325287,91.94246015206352,0.08460171900567263,0,0,1.4156103134155273e-06
4.0,0.85,1500.0,0.025,10.0,1.0,False,none,710,4.664648569244805,5.006872597835961,0.5678419140325287,91.94246015206352,0.08193756055739489,0,0,1.4156103134155273e-06
4.0,0.85,1500.0,0.025,10.0,1.0,False,combined,710,4.664648569244805,5.006872597835961,0.5678419140325287,91.94246015206352,0.08460171900567263,0,0,1.4156103134155273e-06
4.0,0.85,1500.0,0.025,15.0,0.7,False,none,710,4.664648569244805,5.006872597835961,0.5678419140325287,91.94246015206352,0.08193756055739489,188,0,1.4156103134155273e-06
4.0,0.85,1500.0,0.025,15.0,0.7,False,combined,710,4.664648569244805,5.006872597835961,0.5678419140325287,91.94246015206352,0.08460171900567263,490,0,1.4156103134155273e-06
4.0,0.85,1500.0,0.025,15.0,1.0,False,none,710,4.664648569244805,5.006872597835961,0.5678419140325287,91.94246015206352,0.08193756055739489,0,0,1.4156103134155273e-06
4.0,0.85,1500.0,0.025,15.0,1.0,False,combined,710,4.664648569244805,5.006872597835961,0.5678419140325287,91.94246015206352,0.08460171900567263,218,0,1.4156103134155273e-06
4.0,0.85,1500.0,0.025,20.0,0.7,False,none,710,4.664648569244805,5.006872597835961,0.5678419140325287,91.94246015206352,0.08193756055739489,147,0,1.4156103134155273e-06
4.0,0.85,1500.0,0.025,20.0,0.7,False,combined,710,4.664648569244805,5.006872597835961,0.5678419140325287,91.94246015206352,0.08460171900567263,482,0,1.4156103134155273e-06
4.0,0.85,1500.0,0.025,20.0,1.0,False,none,710,4.664648569244805,5.006872597835961,0.5678419140325287,91.94246015206352,0.08193756055739489,0,0,1.4156103134155273e-06
4.0,0.85,1500.0,0.025,20.0,1.0,False,combined,710,4.664648569244805,5.006872597835961,0.5678419140325287,91.94246015206352,0.08460171900567263,173,0,1.4156103134155273e-06
4.0,0.85,2400.0,0.025,10.0,0.7,False,none,710,4.664648569244805,5.006872597835961,0.5678419140325287,147.10793624330162,0.08193756055739489,0,0,1.4156103134155273e-06
4.0,0.85,2400.0,0.025,10.0,0.7,False,combined,710,4.664648569244805,5.006872597835961,0.5678419140325287,147.10793624330162,0.08460171900567263,0,0,1.4156103134155273e-06
4.0,0.85,2400.0,0.025,10.0,1.0,False,none,710,4.664648569244805,5.006872597835961,0.5678419140325287,147.10793624330162,0.08193756055739489,0,0,1.4156103134155273e-06
4.0,0.85,2400.0,0.025,10.0,1.0,False,combined,710,4.664648569244805,5.006872597835961,0.5678419140325287,147.10793624330162,0.08460171900567263,0,0,1.4156103134155273e-06
4.0,0.85,2400.0,0.025,15.0,0.7,False,none,710,4.664648569244805,5.006872597835961,0.5678419140325287,147.10793624330162,0.08193756055739489,0,0,1.4156103134155273e-06
4.0,0.85,2400.0,0.025,15.0,0.7,False,combined,710,4.664648569244805,5.006872597835961,0.5678419140325287,147.10793624330162,0.08460171900567263,0,0,1.4156103134155273e-06
4.0,0.85,2400.0,0.025,15.0,1.0,False,none,710,4.664648569244805,5.006872597835961,0.5678419140325287,147.10793624330162,0.08193756055739489,0,0,1.4156103134155273e-06
4.0,0.85,2400.0,0.025,15.0,1.0,False,combined,710,4.664648569244805,5.006872597835961,0.5678419140325287,147.10793624330162,0.08460171900567263,0,0,1.4156103134155273e-06
4.0,0.85,2400.0,0.025,20.0,0.7,False,none,710,4.664648569244805,5.006872597835961,0.5678419140325287,147.10793624330162,0.08193756055739489,0,0,1.4156103134155273e-06
4.0,0.85,2400.0,0.025,20.0,0.7,False,combined,710,4.664648569244805,5.006872597835961,0.5678419140325287,147.10793624330162,0.08460171900567263,0,0,1.4156103134155273e-06
4.0,0.85,2400.0,0.025,20.0,1.0,False,none,710,4.664648569244805,5.006872597835961,0.5678419140325287,147.10793624330162,0.08193756055739489,0,0,1.4156103134155273e-06
4.0,0.85,2400.0,0.025,20.0,1.0,False,combined,710,4.664648569244805,5.006872597835961,0.5678419140325287,147.10793624330162,0.08460171900567263,0,0,1.4156103134155273e-06
4.0,0.9,0.0,0.0,,0.0,False,none,710,4.723322787935965,4.94551839756692,0.5661336797093383,0.0,0.08296387471301857,710,710,1.4156103134155273e-06
4.0,0.9,0.0,0.0,,0.0,False,combined,710,4.723322787935965,4.94551839756692,0.5661336797093383,0.0,0.08567815561379923,710,710,1.4156103134155273e-06
4.0,0.9,900.0,0.025,10.0,0.7,False,none,710,4.723322787935965,4.94551839756692,0.5661336797093383,55.165476091238105,0.08296387471301857,672,3,1.4156103134155273e-06
4.0,0.9,900.0,0.025,10.0,0.7,False,combined,710,4.723322787935965,4.94551839756692,0.5661336797093383,55.165476091238105,0.08567815561379923,705,48,1.4156103134155273e-06
4.0,0.9,900.0,0.025,10.0,1.0,False,none,710,4.723322787935965,4.94551839756692,0.5661336797093383,55.165476091238105,0.08296387471301857,560,0,1.4156103134155273e-06
4.0,0.9,900.0,0.025,10.0,1.0,False,combined,710,4.723322787935965,4.94551839756692,0.5661336797093383,55.165476091238105,0.08567815561379923,646,0,1.4156103134155273e-06
4.0,0.9,900.0,0.025,15.0,0.7,False,none,710,4.723322787935965,4.94551839756692,0.5661336797093383,55.165476091238105,0.08296387471301857,708,357,1.4156103134155273e-06
4.0,0.9,900.0,0.025,15.0,0.7,False,combined,710,4.723322787935965,4.94551839756692,0.5661336797093383,55.165476091238105,0.08567815561379923,709,507,1.4156103134155273e-06
4.0,0.9,900.0,0.025,15.0,1.0,False,none,710,4.723322787935965,4.94551839756692,0.5661336797093383,55.165476091238105,0.08296387471301857,708,126,1.4156103134155273e-06
4.0,0.9,900.0,0.025,15.0,1.0,False,combined,710,4.723322787935965,4.94551839756692,0.5661336797093383,55.165476091238105,0.08567815561379923,708,369,1.4156103134155273e-06
4.0,0.9,900.0,0.025,20.0,0.7,False,none,710,4.723322787935965,4.94551839756692,0.5661336797093383,55.165476091238105,0.08296387471301857,708,450,1.4156103134155273e-06
4.0,0.9,900.0,0.025,20.0,0.7,False,combined,710,4.723322787935965,4.94551839756692,0.5661336797093383,55.165476091238105,0.08567815561379923,709,554,1.4156103134155273e-06
4.0,0.9,900.0,0.025,20.0,1.0,False,none,710,4.723322787935965,4.94551839756692,0.5661336797093383,55.165476091238105,0.08296387471301857,708,302,1.4156103134155273e-06
4.0,0.9,900.0,0.025,20.0,1.0,False,combined,710,4.723322787935965,4.94551839756692,0.5661336797093383,55.165476091238105,0.08567815561379923,708,477,1.4156103134155273e-06
4.0,0.9,1500.0,0.025,10.0,0.7,False,none,710,4.723322787935965,4.94551839756692,0.5661336797093383,91.94246015206352,0.08296387471301857,0,0,1.4156103134155273e-06
4.0,0.9,1500.0,0.025,10.0,0.7,False,combined,710,4.723322787935965,4.94551839756692,0.5661336797093383,91.94246015206352,0.08567815561379923,3,0,1.4156103134155273e-06
4.0,0.9,1500.0,0.025,10.0,1.0,False,none,710,4.723322787935965,4.94551839756692,0.5661336797093383,91.94246015206352,0.08296387471301857,0,0,1.4156103134155273e-06
4.0,0.9,1500.0,0.025,10.0,1.0,False,combined,710,4.723322787935965,4.94551839756692,0.5661336797093383,91.94246015206352,0.08567815561379923,0,0,1.4156103134155273e-06
4.0,0.9,1500.0,0.025,15.0,0.7,False,none,710,4.723322787935965,4.94551839756692,0.5661336797093383,91.94246015206352,0.08296387471301857,345,0,1.4156103134155273e-06
4.0,0.9,1500.0,0.025,15.0,0.7,False,combined,710,4.723322787935965,4.94551839756692,0.5661336797093383,91.94246015206352,0.08567815561379923,552,0,1.4156103134155273e-06
4.0,0.9,1500.0,0.025,15.0,1.0,False,none,710,4.723322787935965,4.94551839756692,0.5661336797093383,91.94246015206352,0.08296387471301857,12,0,1.4156103134155273e-06
4.0,0.9,1500.0,0.025,15.0,1.0,False,combined,710,4.723322787935965,4.94551839756692,0.5661336797093383,91.94246015206352,0.08567815561379923,352,0,1.4156103134155273e-06
4.0,0.9,1500.0,0.025,20.0,0.7,False,none,710,4.723322787935965,4.94551839756692,0.5661336797093383,91.94246015206352,0.08296387471301857,323,0,1.4156103134155273e-06
4.0,0.9,1500.0,0.025,20.0,0.7,False,combined,710,4.723322787935965,4.94551839756692,0.5661336797093383,91.94246015206352,0.08567815561379923,546,0,1.4156103134155273e-06
4.0,0.9,1500.0,0.025,20.0,1.0,False,none,710,4.723322787935965,4.94551839756692,0.5661336797093383,91.94246015206352,0.08296387471301857,8,0,1.4156103134155273e-06
4.0,0.9,1500.0,0.025,20.0,1.0,False,combined,710,4.723322787935965,4.94551839756692,0.5661336797093383,91.94246015206352,0.08567815561379923,326,0,1.4156103134155273e-06
4.0,0.9,2400.0,0.025,10.0,0.7,False,none,710,4.723322787935965,4.94551839756692,0.5661336797093383,147.10793624330162,0.08296387471301857,0,0,1.4156103134155273e-06
4.0,0.9,2400.0,0.025,10.0,0.7,False,combined,710,4.723322787935965,4.94551839756692,0.5661336797093383,147.10793624330162,0.08567815561379923,0,0,1.4156103134155273e-06
4.0,0.9,2400.0,0.025,10.0,1.0,False,none,710,4.723322787935965,4.94551839756692,0.5661336797093383,147.10793624330162,0.08296387471301857,0,0,1.4156103134155273e-06
4.0,0.9,2400.0,0.025,10.0,1.0,False,combined,710,4.723322787935965,4.94551839756692,0.5661336797093383,147.10793624330162,0.08567815561379923,0,0,1.4156103134155273e-06
4.0,0.9,2400.0,0.025,15.0,0.7,False,none,710,4.723322787935965,4.94551839756692,0.5661336797093383,147.10793624330162,0.08296387471301857,0,0,1.4156103134155273e-06
4.0,0.9,2400.0,0.025,15.0,0.7,False,combined,710,4.723322787935965,4.94551839756692,0.5661336797093383,147.10793624330162,0.08567815561379923,0,0,1.4156103134155273e-06
4.0,0.9,2400.0,0.025,15.0,1.0,False,none,710,4.723322787935965,4.94551839756692,0.5661336797093383,147.10793624330162,0.08296387471301857,0,0,1.4156103134155273e-06
4.0,0.9,2400.0,0.025,15.0,1.0,False,combined,710,4.723322787935965,4.94551839756692,0.5661336797093383,147.10793624330162,0.08567815561379923,0,0,1.4156103134155273e-06
4.0,0.9,2400.0,0.025,20.0,0.7,False,none,710,4.723322787935965,4.94551839756692,0.5661336797093383,147.10793624330162,0.08296387471301857,0,0,1.4156103134155273e-06
4.0,0.9,2400.0,0.025,20.0,0.7,False,combined,710,4.723322787935965,4.94551839756692,0.5661336797093383,147.10793624330162,0.08567815561379923,0,0,1.4156103134155273e-06
4.0,0.9,2400.0,0.025,20.0,1.0,False,none,710,4.723322787935965,4.94551839756692,0.5661336797093383,147.10793624330162,0.08296387471301857,0,0,1.4156103134155273e-06
4.0,0.9,2400.0,0.025,20.0,1.0,False,combined,710,4.723322787935965,4.94551839756692,0.5661336797093383,147.10793624330162,0.08567815561379923,0,0,1.4156103134155273e-06
4.0,0.95,0.0,0.0,,0.0,False,none,710,4.780006921000019,4.888530747614085,0.5591939279463524,0.0,0.08395530883699379,710,710,1.4156103134155273e-06
4.0,0.95,0.0,0.0,,0.0,False,combined,710,4.780006921000019,4.888530747614085,0.5591939279463524,0.0,0.08671681999550739,710,710,1.4156103134155273e-06
4.0,0.95,900.0,0.025,10.0,0.7,False,none,710,4.780006921000019,4.888530747614085,0.5591939279463524,55.165476091238105,0.08395530883699379,692,12,1.4156103134155273e-06
4.0,0.95,900.0,0.025,10.0,0.7,False,combined,710,4.780006921000019,4.888530747614085,0.5591939279463524,55.165476091238105,0.08671681999550739,708,243,1.4156103134155273e-06
4.0,0.95,900.0,0.025,10.0,1.0,False,none,710,4.780006921000019,4.888530747614085,0.5591939279463524,55.165476091238105,0.08395530883699379,602,0,1.4156103134155273e-06
4.0,0.95,900.0,0.025,10.0,1.0,False,combined,710,4.780006921000019,4.888530747614085,0.5591939279463524,55.165476091238105,0.08671681999550739,665,1,1.4156103134155273e-06
4.0,0.95,900.0,0.025,15.0,0.7,False,none,710,4.780006921000019,4.888530747614085,0.5591939279463524,55.165476091238105,0.08395530883699379,709,471,1.4156103134155273e-06
4.0,0.95,900.0,0.025,15.0,0.7,False,combined,710,4.780006921000019,4.888530747614085,0.5591939279463524,55.165476091238105,0.08671681999550739,709,572,1.4156103134155273e-06
4.0,0.95,900.0,0.025,15.0,1.0,False,none,710,4.780006921000019,4.888530747614085,0.5591939279463524,55.165476091238105,0.08395530883699379,708,304,1.4156103134155273e-06
4.0,0.95,900.0,0.025,15.0,1.0,False,combined,710,4.780006921000019,4.888530747614085,0.5591939279463524,55.165476091238105,0.08671681999550739,709,474,1.4156103134155273e-06
4.0,0.95,900.0,0.025,20.0,0.7,False,none,710,4.780006921000019,4.888530747614085,0.5591939279463524,55.165476091238105,0.08395530883699379,709,510,1.4156103134155273e-06
4.0,0.95,900.0,0.025,20.0,0.7,False,combined,710,4.780006921000019,4.888530747614085,0.5591939279463524,55.165476091238105,0.08671681999550739,709,600,1.4156103134155273e-06
4.0,0.95,900.0,0.025,20.0,1.0,False,none,710,4.780006921000019,4.888530747614085,0.5591939279463524,55.165476091238105,0.08395530883699379,708,415,1.4156103134155273e-06
4.0,0.95,900.0,0.025,20.0,1.0,False,combined,710,4.780006921000019,4.888530747614085,0.5591939279463524,55.165476091238105,0.08671681999550739,709,546,1.4156103134155273e-06
4.0,0.95,1500.0,0.025,10.0,0.7,False,none,710,4.780006921000019,4.888530747614085,0.5591939279463524,91.94246015206352,0.08395530883699379,0,0,1.4156103134155273e-06
4.0,0.95,1500.0,0.025,10.0,0.7,False,combined,710,4.780006921000019,4.888530747614085,0.5591939279463524,91.94246015206352,0.08671681999550739,12,0,1.4156103134155273e-06
4.0,0.95,1500.0,0.025,10.0,1.0,False,none,710,4.780006921000019,4.888530747614085,0.5591939279463524,91.94246015206352,0.08395530883699379,0,0,1.4156103134155273e-06
4.0,0.95,1500.0,0.025,10.0,1.0,False,combined,710,4.780006921000019,4.888530747614085,0.5591939279463524,91.94246015206352,0.08671681999550739,0,0,1.4156103134155273e-06
4.0,0.95,1500.0,0.025,15.0,0.7,False,none,710,4.780006921000019,4.888530747614085,0.5591939279463524,91.94246015206352,0.08395530883699379,458,0,1.4156103134155273e-06
4.0,0.95,1500.0,0.025,15.0,0.7,False,combined,710,4.780006921000019,4.888530747614085,0.5591939279463524,91.94246015206352,0.08671681999550739,600,0,1.4156103134155273e-06
4.0,0.95,1500.0,0.025,15.0,1.0,False,none,710,4.780006921000019,4.888530747614085,0.5591939279463524,91.94246015206352,0.08395530883699379,93,0,1.4156103134155273e-06
4.0,0.95,1500.0,0.025,15.0,1.0,False,combined,710,4.780006921000019,4.888530747614085,0.5591939279463524,91.94246015206352,0.08671681999550739,465,0,1.4156103134155273e-06
4.0,0.95,1500.0,0.025,20.0,0.7,False,none,710,4.780006921000019,4.888530747614085,0.5591939279463524,91.94246015206352,0.08395530883699379,449,0,1.4156103134155273e-06
4.0,0.95,1500.0,0.025,20.0,0.7,False,combined,710,4.780006921000019,4.888530747614085,0.5591939279463524,91.94246015206352,0.08671681999550739,599,0,1.4156103134155273e-06
4.0,0.95,1500.0,0.025,20.0,1.0,False,none,710,4.780006921000019,4.888530747614085,0.5591939279463524,91.94246015206352,0.08395530883699379,51,0,1.4156103134155273e-06
4.0,0.95,1500.0,0.025,20.0,1.0,False,combined,710,4.780006921000019,4.888530747614085,0.5591939279463524,91.94246015206352,0.08671681999550739,450,0,1.4156103134155273e-06
4.0,0.95,2400.0,0.025,10.0,0.7,False,none,710,4.780006921000019,4.888530747614085,0.5591939279463524,147.10793624330162,0.08395530883699379,0,0,1.4156103134155273e-06
4.0,0.95,2400.0,0.025,10.0,0.7,False,combined,710,4.780006921000019,4.888530747614085,0.5591939279463524,147.10793624330162,0.08671681999550739,0,0,1.4156103134155273e-06
4.0,0.95,2400.0,0.025,10.0,1.0,False,none,710,4.780006921000019,4.888530747614085,0.5591939279463524,147.10793624330162,0.08395530883699379,0,0,1.4156103134155273e-06
4.0,0.95,2400.0,0.025,10.0,1.0,False,combined,710,4.780006921000019,4.888530747614085,0.5591939279463524,147.10793624330162,0.08671681999550739,0,0,1.4156103134155273e-06
4.0,0.95,2400.0,0.025,15.0,0.7,False,none,710,4.780006921000019,4.888530747614085,0.5591939279463524,147.10793624330162,0.08395530883699379,0,0,1.4156103134155273e-06
4.0,0.95,2400.0,0.025,15.0,0.7,False,combined,710,4.780006921000019,4.888530747614085,0.5591939279463524,147.10793624330162,0.08671681999550739,0,0,1.4156103134155273e-06
4.0,0.95,2400.0,0.025,15.0,1.0,False,none,710,4.780006921000019,4.888530747614085,0.5591939279463524,147.10793624330162,0.08395530883699379,0,0,1.4156103134155273e-06
4.0,0.95,2400.0,0.025,15.0,1.0,False,combined,710,4.780006921000019,4.888530747614085,0.5591939279463524,147.10793624330162,0.08671681999550739,0,0,1.4156103134155273e-06
4.0,0.95,2400.0,0.025,20.0,0.7,False,none,710,4.780006921000019,4.888530747614085,0.5591939279463524,147.10793624330162,0.08395530883699379,0,0,1.4156103134155273e-06
4.0,0.95,2400.0,0.025,20.0,0.7,False,combined,710,4.780006921000019,4.888530747614085,0.5591939279463524,147.10793624330162,0.08671681999550739,0,0,1.4156103134155273e-06
4.0,0.95,2400.0,0.025,20.0,1.0,False,none,710,4.780006921000019,4.888530747614085,0.5591939279463524,147.10793624330162,0.08395530883699379,0,0,1.4156103134155273e-06
4.0,0.95,2400.0,0.025,20.0,1.0,False,combined,710,4.780006921000019,4.888530747614085,0.5591939279463524,147.10793624330162,0.08671681999550739,0,0,1.4156103134155273e-06
