path,sha256,bytes
.gitattributes,94c39a916662a1c5aa059d845c78cbf9d368da7bb245430e8ba25caea97a7e51,247
.gitignore,b2692e3d4dee88c3d89f7605b3d82e82bc8f2295a7475b9d7a4bab55023d4233,2403
analysis_code/archive_qa.json,602b56db4b0e84cd26506e6ab12adc15ffc99a85f31df9fec1482e7ba16d698a,132
analysis_code/CODE_SHA256.csv,19831dd516922e1658bc1347f984525aab66f2a4a663162dd9555cba4572b333,52411
analysis_code/INPUTS_REQUIRED.csv,6ec476e84a8b653c6fc4aa200f227f3f994fc9f385062d53a37ded2ad5f52c40,1936
analysis_code/qa/qa_main.py,db1449143516a44e63fada2b1fb262045ef9fe8fa1c61a22f6b20fdc916485bc,605
analysis_code/README.md,b8cc5ac702b9fe4e217b98e070bcfd8247d457e7683c14003ab8f9a3bedea502,10859
analysis_code/REPRODUCIBILITY_STATUS.txt,515464bafd9f533ac7a5cad9378b2a573e79328089370c6c15cfc7ca35cb235d,1123
analysis_code/requirements.txt,53a19639dcebdd9df6311880bc3c3690e29322a101796b3b027b4b29a221f1ad,207
analysis_code/validate_archive.py,8cd221b801f02ce9aea7cb53e4ff660a9dc62bdc75cfe5f44d745996983476c5,3377
analysis_code/workflows/20260810_resource_finance/02_inputs/china_province_boundary_working.geojson,99adfeded5223848bbe37a0a12f8023e11ee12161c7800521c27db42fdeac275,582522
analysis_code/workflows/20260810_resource_finance/02_inputs/china_province_boundary_working_source.txt,5ee0a7d3bf4f90b37ff8696e8ed919a11c747ac91ffc15455facc63d16450b62,504
analysis_code/workflows/20260810_resource_finance/02_inputs/chinabond_government_5y_20260604_20260702.csv,c8d898857d385564f475b4fd82d13f4d60e7f9a5d2f511849ef7046e4f94466c,3840
analysis_code/workflows/20260810_resource_finance/02_inputs/multi_factor_learning_paths_2026_2060.csv,562d6f046322c0528b4c9f3d685f62bb437d1cc560826500b2037bb25ddb9240,22506
analysis_code/workflows/20260810_resource_finance/02_inputs/multi_factor_learning_paths_verified.csv,e620a8bc1b908d9ce4fcdce5b9d4b1edf8b7f6f034206932c43642ce88c64339,102340
analysis_code/workflows/20260810_resource_finance/02_inputs/province_electricity_price_2025.csv,4706940e63a2810bbcd03dafeb2c381b0d96866eb8b44fd1f1e2f36596f02c04,1700
analysis_code/workflows/20260810_resource_finance/02_inputs/provincial_utilization_2025.csv,1607ed3ca14ae4bde7aec57fe344a4963c5a4b250ad6bd1a9dd81d1d35341d53,1582
analysis_code/workflows/20260810_resource_finance/02_inputs/resource_profile_metadata.json,f89de9064247c0333aa387cd93b857dbe2bb767498067f999c7e9423b81b2194,965
analysis_code/workflows/20260810_resource_finance/02_inputs/station_capacity_grid_verified.npz,6981be9cdadef9604dbbbdc7bf982ca6444658bce2223665bdfaadfd3dff96ec,23276396
analysis_code/workflows/20260810_resource_finance/02_inputs/station_inventory_10214.csv,188336d3a2f0d6326b4e357bfeac42e1d254b3116c0eb3bde44ef1e286426463,2968691
analysis_code/workflows/20260810_resource_finance/02_inputs/station_resource_2025_verified.csv,78e3e110e4dc168ad2b43c276699c9763614bac95c254e091017a68bf49a9fdd,2245702
analysis_code/workflows/20260810_resource_finance/02_inputs/water_price_input.csv,d81c430a592534c83799935328c4b2730ac6dbe09f660df08606854fbfa345a4,1358
analysis_code/workflows/20260810_resource_finance/03_code/add_south_china_sea_inset.py,830e74d0842c51252383b393bea2ea273156e36589302d5e5355b1961fabe4fe,8905
analysis_code/workflows/20260810_resource_finance/03_code/audit_complete_r1_r4.py,f223dc8c6f6008fa4944d88e15dd60f29eeb44d48ee57b8bcde910562820176b,7938
analysis_code/workflows/20260810_resource_finance/03_code/build_era5_multiyear_resources.py,fc70a8eaa0edeaa4b3857ff23e88a57b0c3ee4d92f0f92348a99f74e68e5d3d7,37145
analysis_code/workflows/20260810_resource_finance/03_code/build_station_inventory_coverage.py,d62054d9c0a4f80670e8242f399edb4502c88e629c765572c7c8d4e37bd45807,7067
analysis_code/workflows/20260810_resource_finance/03_code/build_verified_learning_paths.py,974412c1e64679607c9788557316734b5b1265d3759a00432b77dc2d2b35593d,7254
analysis_code/workflows/20260810_resource_finance/03_code/build_verified_resources.py,2cdb257ca20ed8a6a9af24085505c960f0716a19f930581c5be1f099d85369b6,14927
analysis_code/workflows/20260810_resource_finance/03_code/config.py,4e11471a3c189eb7f3c3a97030880d015a43f5ebf5e8f2448ad73da06a0cef84,2788
analysis_code/workflows/20260810_resource_finance/03_code/corrected_financial_core.py,f52205baebc92087b944276a90ca98d243722b90f6c64e6302362175b7ae917c,36314
analysis_code/workflows/20260810_resource_finance/03_code/make_nature_figures_v9.py,d9dfa82142ff7395a7dadc211d49c224210578cb9275fd499be767b7c195e9aa,102719
analysis_code/workflows/20260810_resource_finance/03_code/make_verified_figures.py,1d5a186dd0c5f0967f4527c91f84282a9270829de7929ba898692e418cc360a9,35119
analysis_code/workflows/20260810_resource_finance/03_code/run_comprehensive_qa.py,2a4fc64877054db6eafeb04a7f45750977589a6a700dffd219cd89162a16ccad,32080
analysis_code/workflows/20260810_resource_finance/03_code/run_era5_multiyear_financials.py,ecb10d73e996bbe440c735c39806662effbd9e84e1d0faa08257101caaad5c36,33560
analysis_code/workflows/20260810_resource_finance/03_code/run_r2_r3.py,1394c48f2fb8b1bea781bbc2f2c5d3bea33ae97f1d85828017679a7b78bffe2f,71204
analysis_code/workflows/20260810_resource_finance/03_code/run_r4.py,4cce30d5d32a1aadecae899dc8ac957ec8cf7cfd5211e03a18a0af0450248a4e,32991
analysis_code/workflows/20260810_resource_finance/03_code/run_r4_optimized.py,6b74564a3138c1e4ff34d5537b36ae8ed6762562cf36c9f22cbe2cdca55d4776,15960
analysis_code/workflows/20260810_resource_finance/03_code/run_resource_qa.py,7b81be6922bcd404598885330d6acd61fa0a9baa573abf01d5403e2b40eaa7e7,6997
analysis_code/workflows/20260810_resource_finance/03_code/sync_submission_package.py,dc98e3ad0e235baea19e97f9bbc6fa18f5a89d648f8ae357555b501475961448,13535
analysis_code/workflows/20260810_resource_finance/04_results/entry_scenario_matrix_1296.csv,c246482ae1de4f6b70abd3790d2a9e594c616875835895f6757902efdb4a6404,110249
analysis_code/workflows/20260810_resource_finance/04_results/era5_multiyear/ERA5_2020_shape_validation.csv,98a12200a6f8c6c6e16fbacd1f3510d306540dbe5bbef1573c37f7a843dea925,512
analysis_code/workflows/20260810_resource_finance/04_results/era5_multiyear/ERA5_calibration_capped_records.csv,47c2a86a57de12b572862bd278f97f066cb4362a39c1ce61fe4db59fe01c0f0a,2540
analysis_code/workflows/20260810_resource_finance/04_results/era5_multiyear/ERA5_input_inventory.csv,8457251796af6957265a7909f1db2239ae1a7cee9a3a25d8b73581d904c1858e,2297
analysis_code/workflows/20260810_resource_finance/04_results/era5_multiyear/ERA5_multiyear_financial_qa.json,6a07dcb4da89a670e9f09439e0388bbff94d4aac2ab066333fd70d5a43b70956,1681
analysis_code/workflows/20260810_resource_finance/04_results/era5_multiyear/ERA5_multiyear_headline.json,233b6170782ab73c35649dc42bbcfed0eddda643f92ba038798efac143768366,804
analysis_code/workflows/20260810_resource_finance/04_results/era5_multiyear/ERA5_resource_rank_stability.csv,3a739346700af8422b71cd943d019831ed0178f1c6df4d505eb82aa54de0858d,341
analysis_code/workflows/20260810_resource_finance/04_results/era5_multiyear/ERA5_resource_rebuild_qa.json,723ae5c144cfe3a76f844cb8de386c18d52b9f4518950e3fe065d3363dea4040,2367
analysis_code/workflows/20260810_resource_finance/04_results/era5_multiyear/ERA5_resource_year_summary.csv,39df5b4b6b696b0006471eded5e4c0a173f76d90d2d26ba2fc4f11675d8fcb00,558
analysis_code/workflows/20260810_resource_finance/04_results/era5_multiyear/ERA5_source_profile_queue_comparison.csv,bd7dd60cd9cdd7f16d37b9058d8208d7f116cf9b98cde63b1598babfa0e7f50a,307
analysis_code/workflows/20260810_resource_finance/04_results/era5_multiyear/ERA5_station_resource_variability.csv,45c2a178a965702aabe3344a7920a57402f06ff643ce824e513e7e8727426b8d,1700797
analysis_code/workflows/20260810_resource_finance/04_results/era5_multiyear/ERA5_station_year_resource.csv,7cfd1ad67a945f31ce55b06be1376bf89f0c9d3a1b7d7bab9599e23cc2fd3cfc,7282933
analysis_code/workflows/20260810_resource_finance/04_results/era5_multiyear/R1_station_resource_era5_2020.csv,977c99eeaf9d7b0cea0e638ffa986f84181cb737aa2fbb085fd164dfc1dade52,1229939
analysis_code/workflows/20260810_resource_finance/04_results/era5_multiyear/R1_station_resource_era5_2021.csv,475c539c11ec456e70ee070d0c21c3257770bdd52fe3885dce2f333f9f390678,1230478
analysis_code/workflows/20260810_resource_finance/04_results/era5_multiyear/R1_station_resource_era5_2022.csv,7e96ae8687290b533e3811836c368b6355f0721ed020efa7de0289f4cb231c26,1230266
analysis_code/workflows/20260810_resource_finance/04_results/era5_multiyear/R1_station_resource_era5_2023.csv,c1ca6a0d2b48bead97dc85dbdd5d97afae8596bf6c26200c8e778476d5f9968f,1230252
analysis_code/workflows/20260810_resource_finance/04_results/era5_multiyear/R1_station_resource_era5_2024.csv,34785fcc18f9d2108882ffbf715d8b7311cbd5cd08da14d02007c5b910216ca3,1230358
analysis_code/workflows/20260810_resource_finance/04_results/era5_multiyear/R1_station_resource_era5_2025.csv,8eb7db08c3ea1b18563c4173c5ffe95f184986ad3ad05360011fde2fa9e15a20,1230254
analysis_code/workflows/20260810_resource_finance/04_results/era5_multiyear/R2_entry_summary_by_era5_weather_year.csv,4116857f63b355cb19e7713f5c8d03766a0f86da90de5167efe394b0d8d5eb71,1594
analysis_code/workflows/20260810_resource_finance/04_results/era5_multiyear/R2_province_stability_by_era5_weather_year.csv,fb3a3da42ecdd30ae5fadb9c5be99532581538b43dc077a28ded2be8997ec878,21508
analysis_code/workflows/20260810_resource_finance/04_results/era5_multiyear/R2_queue_intersection_union.csv,b0a93b7119f23018f053ab0cdd5b74c6f6e6bacee0f71c4619ba7242c1954402,245
analysis_code/workflows/20260810_resource_finance/04_results/era5_multiyear/R2_queue_pairwise_jaccard.csv,0e2e5d0dfeddeccd4f48bf9c80220565974b903ccf3ed67ba7f7c8bb59e9407a,2543
analysis_code/workflows/20260810_resource_finance/04_results/era5_multiyear/R2_queue_weather_frequency.csv,86aba5f262466f894e970bc91fce7efbce98572d97097cc62e62462af3b21dff,272820
analysis_code/workflows/20260810_resource_finance/04_results/era5_multiyear/R2_station_entry_by_era5_weather_year.csv,70d8d25d80d9b1c44c154aa84f854d37ffc08a612b1225d23233ce55d5e96343,14069483
analysis_code/workflows/20260810_resource_finance/04_results/era5_multiyear/R3_critical_boundaries_by_era5_weather_year.csv,b0346d166647c90cf619611f0782613c0df5ab3390a5a159452a263d01baef4e,469393
analysis_code/workflows/20260810_resource_finance/04_results/era5_multiyear/R3_dynamic_results_by_era5_weather_year.csv,e265cf865b235eea18019605e5eef9c931d97fb5fe5bc375eb31da0ecddae14d,11433
analysis_code/workflows/20260810_resource_finance/04_results/era5_multiyear/R3_mechanism_by_era5_weather_year.csv,5cd743209fb4f4781f3fe5122eac93559b0c3fefd35a89c5e8cc54c680d54344,1841
analysis_code/workflows/20260810_resource_finance/04_results/era5_multiyear/R4_actual_weather_capacity_flexibility.csv,cf6e11589df6f70cb9a3eae241cf84a549cbaa85044f8dfa666f7ff2ecdb68bc,4937
analysis_code/workflows/20260810_resource_finance/04_results/era5_multiyear/R4_support_requirements_by_era5_weather_year.csv,109ba34eae9e18e51003bf4789b6ba046a1ce00409c0727cc54e2737a5969e82,638783
analysis_code/workflows/20260810_resource_finance/04_results/incumbent_learning_paths_verified.csv,7a9982174c4f4cf2dfd87afad240c84d6f3eb17794b02f57cf440d5e2811082d,10240
analysis_code/workflows/20260810_resource_finance/04_results/parameter_provenance_registry.csv,f68e1078405d6e3d8f66469e3443daf1b530901be71315a6560482059a330b4b,9111
analysis_code/workflows/20260810_resource_finance/04_results/R1_capture_frontier_verified.csv,c8ce788906e78d46d8d986797648324cbd6eba4ef5c08e493ddcbda5a01d945a,2969
analysis_code/workflows/20260810_resource_finance/04_results/R1_province_resource_verified.csv,c74bbae0f92b34390e2ee1a44edf395c1fcba5f494e333cbbc3723be1db7c13c,3065
analysis_code/workflows/20260810_resource_finance/04_results/R2_alk_minimum_load_sensitivity_verified.csv,b54b9a69d0d1eeca0c8e5491f0d4dbc5f176d288b692e64e43b19d2e03a4c38b,619
analysis_code/workflows/20260810_resource_finance/04_results/R2_curtailment_only_matrices.npz,4beee5834e8d9ae7b3ae4494857cda942acee232e4fb697f218295360d48d066,7164248
analysis_code/workflows/20260810_resource_finance/04_results/R2_entry_price_sensitivity_verified.csv,b32f788baf1eb81f27ee65ad619f83693fbf03342040e7ed93e1cfba2461fe1e,853
analysis_code/workflows/20260810_resource_finance/04_results/R2_entry_scenario_summary_verified.csv,a4ce46c51a06a90b18ba77178c842a3107bbf2011574b2f19ad4b6774ba202e0,498029
analysis_code/workflows/20260810_resource_finance/04_results/R2_factor_effects_verified.csv,4ad3cd89dfb899022170a6357dce50c788681a9920007a91d894d30fcc979446,11314
analysis_code/workflows/20260810_resource_finance/04_results/R2_financing_sensitivity_surface_verified.csv,58c1b39529084e0c78114c38ff9308d0df83610313bcf861a824f78c720c74b8,5851
analysis_code/workflows/20260810_resource_finance/04_results/R2_full_output_upper_bound_matrices.npz,7f5501626bd6774ab8362d6cbc66c5964093b7e2cde7ddc7dbd825278ca5b960,3074538
analysis_code/workflows/20260810_resource_finance/04_results/R2_horizon_inflation_sensitivity_verified.csv,93f1ef618266becb54489ca336df8beaa08076f24e2953388db79c61f9596c21,4556
analysis_code/workflows/20260810_resource_finance/04_results/R2_host_lifetime_screen.csv,85d1e516917155e4ac39ae602792f8a15b1a6e1665fb4704dda6dc5686282cb2,3553
analysis_code/workflows/20260810_resource_finance/04_results/R2_main_province_verified.csv,a7e830a629f6c3fc08f5b273ae34ab748bdd1802dabb81cd371abb9dc8e6e242,8155
analysis_code/workflows/20260810_resource_finance/04_results/R2_main_station_results_verified.csv,6dd14f93acd55e48574bb759fa0b5b50f2f24fcc5ca8ce2ddc45ee070b22a06c,4054284
analysis_code/workflows/20260810_resource_finance/04_results/R2_minimum_capacity_sensitivity_verified.csv,ace5f9b479173bb30774c0f628d2bc2f7f72ca873b1cfb8c83469d1959dfa4dc,522
analysis_code/workflows/20260810_resource_finance/04_results/R2_project_record_identity_audit.csv,0e03ce319e9d3e11bbf67bfc113b66a0363ff44042d037199b4ec310940f2a79,788
analysis_code/workflows/20260810_resource_finance/04_results/R2_water_requirement_sensitivity_verified.csv,aaef40faf206a0d777a8da28fbfcb8e8f9833c6f5e1934818e8010855c32933c,3412
analysis_code/workflows/20260810_resource_finance/04_results/R3_anticipated_price_entry_verified.csv,7085d65d6808386b379e149f711c373640db542027a3546ca65274b7c80eb37a,2396
analysis_code/workflows/20260810_resource_finance/04_results/R3_component_learning_flip_boundaries.csv,a6e2cde40bc829f6a4728acc3bd619c96a2516a5fbba96e10bc311a24962b937,330103
analysis_code/workflows/20260810_resource_finance/04_results/R3_component_learning_flip_summary.csv,fd58d89996298b1439537190f7dd302b95227c796a432d8c61360fd31a2d6f5c,1366
analysis_code/workflows/20260810_resource_finance/04_results/R3_learning_gain_vs_return_gap_verified.csv,75cc2cc419ac83c1fdde305d7d60486647f9003a464d7e09a474fc50fba43ad5,465626
analysis_code/workflows/20260810_resource_finance/04_results/R3_learning_strength_verified.csv,44bd584a18c53f67cee3dbdcb45f68c6a776c4db82b07f8820a04af35c62d35d,12160
analysis_code/workflows/20260810_resource_finance/04_results/R3_lifetime_overhaul_degradation_sensitivity_verified.csv,cb802fb998a5ac581599247872ce3e2e49be539b1cef3a07f4a9913e98fef04e,4700
analysis_code/workflows/20260810_resource_finance/04_results/R3_main_pathways_verified.csv,2dc99230e56adb148d4fb010c48460c2d9bad97f9892799f5c948351efaad28d,64258
analysis_code/workflows/20260810_resource_finance/04_results/R3_main_province_resilience_verified.csv,99af1c22af03076b2b517936823d269a054f7eb5196d1ebe92feeba57f0dccb9,15364
analysis_code/workflows/20260810_resource_finance/04_results/R3_main_station_pathways_verified.csv,9cd8d127a9080469dd384cca369354529cbd764e094f76b924a583d637911d09,4582882
analysis_code/workflows/20260810_resource_finance/04_results/R3_mechanism_shapley_verified.csv,7a0e36055b27e12bbde0b964293e3b073bf260087ebcc7677b3110b7654e214e,2949
analysis_code/workflows/20260810_resource_finance/04_results/R3_replacement_cadence_learning_boundaries.csv,a53a207bfb143937898196dde69e77daf8d493a83c2a75e0a421b91e57b5f7ed,264325
analysis_code/workflows/20260810_resource_finance/04_results/R3_replacement_cadence_learning_summary.csv,49665b18d4290aa4a8925a305d4474b644a9428e1527cdf45c61683e04788d67,1884
analysis_code/workflows/20260810_resource_finance/04_results/R3_robust_3888_pathways_verified.csv,a4a1453ba496f723fe2c9e9bc4776557cdb4e8019c831a3eb14abf8b0653218a,1736941
analysis_code/workflows/20260810_resource_finance/04_results/R3_station_critical_terminal_prices_verified.csv,cc8b359195fa9999a528c114041e904e3fb9388fb9b9a698a9c3429ad5142c3b,914374
analysis_code/workflows/20260810_resource_finance/04_results/R4_capacity_flexibility_surface_verified.csv,665adecc830ab53498814e882822374a47c2836c04ea06e5dd3644d950b8f2bc,4154
analysis_code/workflows/20260810_resource_finance/04_results/R4_fixed_vs_site_optimized_verified.csv,b2b0e3cd0e2b4e91ebc975dce8845e91a6ff42f11d7e31cc620777c4bf519657,659
analysis_code/workflows/20260810_resource_finance/04_results/R4_information_error_calibration_verified.csv,22a8cc21836102ecc1584fa9722d6e33b1bad5b6517730b3900381b5474955d1,912
analysis_code/workflows/20260810_resource_finance/04_results/R4_information_friction_convergence_verified.csv,fcd688339da6aad19aa50e96304f144a4cb4a77e8c97ef02121775154f931b4d,5161
analysis_code/workflows/20260810_resource_finance/04_results/R4_information_friction_frontier_verified.csv,6957f49d1c1d5776f40886b0d5967ab461abd6926e4eff22e28756657f1f89f8,4134
analysis_code/workflows/20260810_resource_finance/04_results/R4_targeted_full_information_frontier_verified.csv,41018152d9fe94ea4221a60f3b615091ba15b715fc9e6b15963e847018df23f8,1170
analysis_code/workflows/20260810_resource_finance/04_results/R4_targeted_support_requirements_verified.csv,ce78469912032ff6cf4796532ee019f0e4d41cd7d303a021a3f0be509ea6a99b,160857
analysis_code/workflows/20260810_resource_finance/04_results/R4_uniform_equal_budget_verified.csv,5ad03f985077e71dbba6d2de98a1bd68c890698a1f177cdca79d64295b81cc4e,813
analysis_code/workflows/20260810_resource_finance/04_results/R4_uniform_policy_frontier_verified.csv,7ccb3477f0fd64caeae7688bf50aa5d477ebfc82d8d689d2bc0aa39affb9a624,8812
analysis_code/workflows/20260810_resource_finance/04_results/SI_PEM_static_entry_verified.csv,8e931945246f55ff6cfaf7b51299b648fa57e32055b606cd11e3c90566cd8a37,1425
analysis_code/workflows/20260810_resource_finance/04_results/station_inventory_coverage_benchmark.csv,38d2add8567220c62c32b2742fcc95ed3ce4835736473df210a2b8934ef796bf,2882
analysis_code/workflows/20260810_resource_finance/04_results/verified_headline_results.json,0d9575c05661f529ecb08500bd91835e312ba498f32f85fb40f1e5414c87d8fb,6874
analysis_code/workflows/20260810_resource_finance/07_qa/comprehensive_model_qa.json,6bdf3fe8f30802202277308c9e778167b15509ca59edb05c24f2665d2f60a69f,5492
analysis_code/workflows/20260810_resource_finance/07_qa/latest_manuscript_full_consistency_audit_20260810.json,6bdf3fe8f30802202277308c9e778167b15509ca59edb05c24f2665d2f60a69f,5492
analysis_code/workflows/20260810_resource_finance/07_qa/learning_path_endpoints_verified.csv,fb53bd7b8f4f7520617447a1947d97e96fddacd8254f42f41135bd54471dd0a0,571
analysis_code/workflows/20260810_resource_finance/07_qa/learning_paths_qa.json,27050660a974e080fa796780212dcd714e4c8c23a8878b13bca054925b4ec7a7,232
analysis_code/workflows/20260810_resource_finance/07_qa/R1_verified_resource_summary.csv,891e3b8544f9ce27a17d38e8431cbb2da6050f64c789cebf1898f00d7e50b3cc,336
analysis_code/workflows/20260810_resource_finance/07_qa/r2_r3_verified_qa.json,07a20e0939b73cf8868e251db19e289f9f1e105a2356382284bba0fbbfe86b77,1579
analysis_code/workflows/20260810_resource_finance/07_qa/raw_hourly_input_sha256.json,4f53cda18c2baa0c0354bb5f9a3ecbe5ed12ab4d8e11ba873c2f11161202b945,2
analysis_code/workflows/20260810_resource_finance/07_qa/release_file_manifest_sha256.csv,ab91bb783da856fa442b1cdbce5f035157f813d0a21e35e6a5de700c9edc6120,6959
analysis_code/workflows/20260810_resource_finance/08_delivery/data_tables/entry_scenario_matrix_1296.csv,c246482ae1de4f6b70abd3790d2a9e594c616875835895f6757902efdb4a6404,110249
analysis_code/workflows/20260810_resource_finance/08_delivery/data_tables/incumbent_learning_paths_verified.csv,7a9982174c4f4cf2dfd87afad240c84d6f3eb17794b02f57cf440d5e2811082d,10240
analysis_code/workflows/20260810_resource_finance/08_delivery/data_tables/R2_alk_minimum_load_sensitivity_verified.csv,b54b9a69d0d1eeca0c8e5491f0d4dbc5f176d288b692e64e43b19d2e03a4c38b,619
analysis_code/workflows/20260810_resource_finance/08_delivery/data_tables/R2_entry_price_sensitivity_verified.csv,b32f788baf1eb81f27ee65ad619f83693fbf03342040e7ed93e1cfba2461fe1e,853
analysis_code/workflows/20260810_resource_finance/08_delivery/data_tables/R2_entry_scenario_summary_verified.csv,a4ce46c51a06a90b18ba77178c842a3107bbf2011574b2f19ad4b6774ba202e0,498029
analysis_code/workflows/20260810_resource_finance/08_delivery/data_tables/R2_factor_effects_verified.csv,4ad3cd89dfb899022170a6357dce50c788681a9920007a91d894d30fcc979446,11314
analysis_code/workflows/20260810_resource_finance/08_delivery/data_tables/R2_financing_sensitivity_surface_verified.csv,58c1b39529084e0c78114c38ff9308d0df83610313bcf861a824f78c720c74b8,5851
analysis_code/workflows/20260810_resource_finance/08_delivery/data_tables/R2_horizon_inflation_sensitivity_verified.csv,93f1ef618266becb54489ca336df8beaa08076f24e2953388db79c61f9596c21,4556
analysis_code/workflows/20260810_resource_finance/08_delivery/data_tables/R2_host_lifetime_screen.csv,85d1e516917155e4ac39ae602792f8a15b1a6e1665fb4704dda6dc5686282cb2,3553
analysis_code/workflows/20260810_resource_finance/08_delivery/data_tables/R2_main_station_results_verified.csv,6dd14f93acd55e48574bb759fa0b5b50f2f24fcc5ca8ce2ddc45ee070b22a06c,4054284
analysis_code/workflows/20260810_resource_finance/08_delivery/data_tables/R2_minimum_capacity_sensitivity_verified.csv,ace5f9b479173bb30774c0f628d2bc2f7f72ca873b1cfb8c83469d1959dfa4dc,522
analysis_code/workflows/20260810_resource_finance/08_delivery/data_tables/R2_project_record_identity_audit.csv,0e03ce319e9d3e11bbf67bfc113b66a0363ff44042d037199b4ec310940f2a79,788
analysis_code/workflows/20260810_resource_finance/08_delivery/data_tables/R2_water_requirement_sensitivity_verified.csv,aaef40faf206a0d777a8da28fbfcb8e8f9833c6f5e1934818e8010855c32933c,3412
analysis_code/workflows/20260810_resource_finance/08_delivery/data_tables/R3_anticipated_price_entry_verified.csv,7085d65d6808386b379e149f711c373640db542027a3546ca65274b7c80eb37a,2396
analysis_code/workflows/20260810_resource_finance/08_delivery/data_tables/R3_component_learning_flip_boundaries.csv,a6e2cde40bc829f6a4728acc3bd619c96a2516a5fbba96e10bc311a24962b937,330103
analysis_code/workflows/20260810_resource_finance/08_delivery/data_tables/R3_component_learning_flip_summary.csv,fd58d89996298b1439537190f7dd302b95227c796a432d8c61360fd31a2d6f5c,1366
analysis_code/workflows/20260810_resource_finance/08_delivery/data_tables/R3_learning_gain_vs_return_gap_verified.csv,75cc2cc419ac83c1fdde305d7d60486647f9003a464d7e09a474fc50fba43ad5,465626
analysis_code/workflows/20260810_resource_finance/08_delivery/data_tables/R3_learning_strength_verified.csv,44bd584a18c53f67cee3dbdcb45f68c6a776c4db82b07f8820a04af35c62d35d,12160
analysis_code/workflows/20260810_resource_finance/08_delivery/data_tables/R3_lifetime_overhaul_degradation_sensitivity_verified.csv,cb802fb998a5ac581599247872ce3e2e49be539b1cef3a07f4a9913e98fef04e,4700
analysis_code/workflows/20260810_resource_finance/08_delivery/data_tables/R3_main_pathways_verified.csv,2dc99230e56adb148d4fb010c48460c2d9bad97f9892799f5c948351efaad28d,64258
analysis_code/workflows/20260810_resource_finance/08_delivery/data_tables/R3_main_station_pathways_verified.csv,9cd8d127a9080469dd384cca369354529cbd764e094f76b924a583d637911d09,4582882
analysis_code/workflows/20260810_resource_finance/08_delivery/data_tables/R3_mechanism_shapley_verified.csv,7a0e36055b27e12bbde0b964293e3b073bf260087ebcc7677b3110b7654e214e,2949
analysis_code/workflows/20260810_resource_finance/08_delivery/data_tables/R3_replacement_cadence_learning_boundaries.csv,a53a207bfb143937898196dde69e77daf8d493a83c2a75e0a421b91e57b5f7ed,264325
analysis_code/workflows/20260810_resource_finance/08_delivery/data_tables/R3_replacement_cadence_learning_summary.csv,49665b18d4290aa4a8925a305d4474b644a9428e1527cdf45c61683e04788d67,1884
analysis_code/workflows/20260810_resource_finance/08_delivery/data_tables/R3_robust_3888_pathways_verified.csv,a4a1453ba496f723fe2c9e9bc4776557cdb4e8019c831a3eb14abf8b0653218a,1736941
analysis_code/workflows/20260810_resource_finance/08_delivery/data_tables/R3_station_critical_terminal_prices_verified.csv,cc8b359195fa9999a528c114041e904e3fb9388fb9b9a698a9c3429ad5142c3b,914374
analysis_code/workflows/20260810_resource_finance/08_delivery/data_tables/station_inventory_coverage_benchmark.csv,38d2add8567220c62c32b2742fcc95ed3ce4835736473df210a2b8934ef796bf,2882
analysis_code/workflows/20260811_capacity_optimisation/code/audit_capacity_optimized_package.py,d985687c938c8f43dcdd22010cd6fd57e68cb54bc744ada448eb8c0bc67c6333,20069
analysis_code/workflows/20260811_capacity_optimisation/code/export_r3_operating_hours_diagnostic.py,7f9179d11618c207ad3cd61b41c8e434d06e9cd337ba160d97d2242c527cc54f,2117
analysis_code/workflows/20260811_capacity_optimisation/code/prepare_capacity_optimized_outputs.py,1b466df2d83440bdf627a7eb18ee3ce6ff5489ea340093fb9935b019541fa5c9,14632
analysis_code/workflows/20260811_capacity_optimisation/code/run_condition_design_revision.py,1dd26e3683515e76505f209685579618e596cb61219ea14674bf2721d72bcb07,17304
analysis_code/workflows/20260811_capacity_optimisation/code/run_dense_return_ladder_surface.py,6e1718522aff9ae9b1c0467d4f9c183d6530d06cf0d7a72bc9e641b5853eef0a,6812
analysis_code/workflows/20260811_capacity_optimisation/code/run_high_risk_m129.py,6307ccd8708fae99c764bd6e3a406addbe718a5a2c15bdd86828cc01bf6b0453,7684
analysis_code/workflows/20260811_capacity_optimisation/code/run_learning_incidence_boundaries.py,c9a83b6fd12f79aa2702a040c19a24a1e119bf7e0a29ffdafc9f68dcf56416a4,46938
analysis_code/workflows/20260811_capacity_optimisation/qa/capacity_optimized_main_qa.json,66a9e4cbc319e1d9ef9ef61da945343042aca5313121cb0904a84d21608aec86,264
analysis_code/workflows/20260811_capacity_optimisation/qa/capacity_optimized_outputs_qa.json,394958abf66936f392c5c7e0fc157e2ed2ba93523cf53523cbc86dfcd3a1317d,218
analysis_code/workflows/20260811_capacity_optimisation/qa/capacity_optimized_package_qa.json,c3641e8878792e0b75955ad513d45c6e59cd51d17cbc4d839bd3c7d74cd1275d,1986
analysis_code/workflows/20260811_capacity_optimisation/qa/condition_design_revision_qa.json,5c8fab9a3b79157bd4048605ce4f5c79a190494c5aad8ee085e175495a178ac3,208
analysis_code/workflows/20260811_capacity_optimisation/qa/dense128_main_qa.json,66a9e4cbc319e1d9ef9ef61da945343042aca5313121cb0904a84d21608aec86,264
analysis_code/workflows/20260811_capacity_optimisation/qa/dense_return_ladder_surface_qa.json,408ebaf937ea5a1ddf5a76e85d4e3ec454eab168eb4ca940be86b74464e51c8b,245
analysis_code/workflows/20260811_capacity_optimisation/qa/high_risk_m129_qa.json,ced17240304b14b102c5c1352c0028159c8d35969848d8a80caea55b7b97fd70,173
analysis_code/workflows/20260811_capacity_optimisation/qa/learning_incidence_boundaries_qa.json,3ca87c7c3fa5cdd7d8f1d21707336bba64e0310d5ea749270f2bf3459c836e93,609
analysis_code/workflows/20260811_capacity_optimisation/qa/S15_engineering_boundary_continuous_qa.json,ac5055d5f59c72af93925b658cefb28a687806e526bb2cc14253881ad22e0b3e,249
analysis_code/workflows/20260811_capacity_optimisation/results/capacity_optimized_headline.json,b6536755924ca77738866a55c6674b651002caadcbd8a24def7d443f6681e8fa,13097
analysis_code/workflows/20260811_capacity_optimisation/results/capacity_optimized_headline_corrected.json,abf6e297f94f3364324772b57f810f7042164e290205e3577fc78e3355832f69,17206
analysis_code/workflows/20260811_capacity_optimisation/results/capacity_search_method.json,2011c7144a505ac7c275519524da448e5332a7236aaae7c380061bdbb80f820a,503
analysis_code/workflows/20260811_capacity_optimisation/results/condition_design_revision_headline_M129_30y.json,cb9007e85fcedfa23462edc7922d10146d2a3683efdecd21c2c8e3fb95371eba,2121
analysis_code/workflows/20260811_capacity_optimisation/results/dense128_headline.json,b6536755924ca77738866a55c6674b651002caadcbd8a24def7d443f6681e8fa,13097
analysis_code/workflows/20260811_capacity_optimisation/results/R2_continuous_hurdle_frontier_dense128.csv,e37529e36600b49383b1fa8dd3e597cb816d269d5b4b1c92d696715d5cfcf443,3925
analysis_code/workflows/20260811_capacity_optimisation/results/R2_entry_price_sensitivity_dense128.csv,e90f7fb83f4e75e1606f1b6f899a6bb7dd69b5de7b67d3912a1798c50f5528d4,252
analysis_code/workflows/20260811_capacity_optimisation/results/R2_FID_expectation_matrix_M129_30y.csv,dab09d3596f17d9f24a1382490b7594d523ac21c6f917d2247d98fe7a52e3362,1948
analysis_code/workflows/20260811_capacity_optimisation/results/R2_hurdle_expectation_surface_M129_30y.csv,24c5fe510bb0a18ffc389eda4e2ffc776e0b0121585ad738ccb101c76647c3b0,7143
analysis_code/workflows/20260811_capacity_optimisation/results/R2_main_station_results_dense128.csv,e6634b8f6f13f0d038ff6ee4a2a772c55e7b9af438d7b2f8929ffe4ba9ed4e40,1320748
analysis_code/workflows/20260811_capacity_optimisation/results/R2_province_exposure_dense128.csv,bff08b9c26b32b012a89a000d005e5438d1404fa137b8fa412c30f7e893038e8,3475
analysis_code/workflows/20260811_capacity_optimisation/results/R2_R3_expectation_realization_matrix_M129_30y.csv,2d5d77b4a070f5ea0e0553333aa6d5596a3f0a0222793c6d15f30b330644feb1,1194
analysis_code/workflows/20260811_capacity_optimisation/results/R2_R3_return_ladder_learning_M129_30y.csv,08de07c4e83cbbc3267c7a8b9b5ee5598a35c5b269ba7ecf48ddb6aa58a8fffd,1233
analysis_code/workflows/20260811_capacity_optimisation/results/R2_R3_return_ladder_surface_M129_30y.csv,5ec7d771f4a63a220dd04b36726a47263658d9f368edf0cb3cd005ec7a18155a,7574
analysis_code/workflows/20260811_capacity_optimisation/results/R3_component_incidence_path_M129.csv,22bcd67df60c3a10c7d34ad24c22f056ed6d0b9acb4306a759d91b7338606094,187149
analysis_code/workflows/20260811_capacity_optimisation/results/R3_critical_nonstack_transfer_share_M129.csv,98bf3f378680be8bf73831643f5bdb85ae8dd3a8bc37eff5e0123dbae806f6d8,9028
analysis_code/workflows/20260811_capacity_optimisation/results/R3_critical_stack_learning_rate_M129.csv,65feea3509c3b5c65bcbc0d09c0e8c643426a00eee3169302d46c59a879974d2,143227
analysis_code/workflows/20260811_capacity_optimisation/results/R3_critical_terminal_price_dense128.csv,617204e3a3278de173fd8bdce4c19a3cb62da03f39dd2f8469bf0d283dc16f8d,32225
analysis_code/workflows/20260811_capacity_optimisation/results/R3_incidence_joint_boundary_M129.csv,48c313c16a79c4bc5b9a7a937ce6391554dfa4f7f9ccecda770c066c956350e6,87593
analysis_code/workflows/20260811_capacity_optimisation/results/R3_incumbent_access_price_passthrough_M129.csv,802447f0f74b5847e89dccaced83e86372a874d072e8cb2f7c0175da160b22c7,2209
analysis_code/workflows/20260811_capacity_optimisation/results/R3_learning_flip_boundary_dense128.csv,cc9388cc85cc3ed731717161555ea51c31b02e9501255002f85fafa9f7c90085,19335
analysis_code/workflows/20260811_capacity_optimisation/results/R3_learning_gain_vs_gap_dense128.csv,7f81d1988790967adcd2c5eef8f5e3254746792da417e1695dec172a98b6248f,57005
analysis_code/workflows/20260811_capacity_optimisation/results/R3_learning_incidence_boundary_headline_M129.json,241f477e5e22d5e189f6c1abf6127667eb3f0fe75e37d12d839a9f7aa4beccdc,1353
analysis_code/workflows/20260811_capacity_optimisation/results/R3_learning_intensity_curve_dense128.csv,491bd83e903a77a967dd9a3460352b6012f3f549cc2db2545d24ca2ec2ffc00e,5639
analysis_code/workflows/20260811_capacity_optimisation/results/R3_mechanism_counterfactual_dense128.json,7f8e492d03df178d708c32d3d95b767108ad772e6d57b65018b3dc66f0f4f838,1656
analysis_code/workflows/20260811_capacity_optimisation/results/R3_nonstack_transfer_price_passthrough_M129.csv,5e28ebc20fffcdb7e152ae273f109eb7575905a2a54a9e1c907dbc2f6314af6f,49540
analysis_code/workflows/20260811_capacity_optimisation/results/R3_operating_hours_replacement_diagnostic_dense128.csv,3e1e8225651d94d6655c03d8c37b606c4a65e0cb2954bf0e2519282c223fb6cd,106050
analysis_code/workflows/20260811_capacity_optimisation/results/R3_price_passthrough_weight_sensitivity_M129.csv,da0ebfaadb9972c2cdb9805ebc7e9e8c495be9bff7b6ea24979bf8f4462a9bf5,6029
analysis_code/workflows/20260811_capacity_optimisation/results/R3_price_path_summary_dense128.csv,8bb0b80a55f4b5cae5ba1e78ad5c01e1dd4adcb49e553f881897301743af6add,888
analysis_code/workflows/20260811_capacity_optimisation/results/R3_replacement_cadence_dense128.csv,4da8d995e41f6b4dd4bbf11498fbcc658a5cb60051343056d4044cf325137d65,769
analysis_code/workflows/20260811_capacity_optimisation/results/R3_stack_learning_rate_cadence_surface_M129.csv,ef8b052b97f7fc746552b8bca747069ccc30914b9e769178acbe65683e685a6c,42564
analysis_code/workflows/20260811_capacity_optimisation/results/R3_stack_scope_learning_sensitivity_M129.csv,50f6c10f35fac37b2015b003072fcdbd2def6e4375eca504129d5b4d0910bd62,1352
analysis_code/workflows/20260811_capacity_optimisation/results/R3_station_pathways_dense128.csv,4165e9abb1c0c218bb4dd1db122af7211dc235ac6722e4725ac858538a562ddc,229227
analysis_code/workflows/20260811_capacity_optimisation/results/R4_capacity_flexibility_dense128.csv,4e64859921f10dc9c0c0474e82139fce33722aa1a02c8a01ae504ca5457555ed,1999
analysis_code/workflows/20260811_capacity_optimisation/results/R4_durability_frontier_dense128.csv,589a4d7c7538294f59f1b13cc8ac37b4ff482f8bc7ea1070c8e09ab832c4a5e9,39636
analysis_code/workflows/20260811_capacity_optimisation/results/R4_support_requirements_dense128.csv,db4c243a9ae15b3cb3b80db21aed6a2091b5edeb0c4c387513505c81af0e8f29,146853
analysis_code/workflows/20260811_capacity_optimisation/results/S11_hourly_proxy_duration_metrics.csv,2b24a4e8c7ad2b4ef913fb22e202ec7d7ce6878f6ef1339b18ee4335b9d20ee1,1666509
analysis_code/workflows/20260811_capacity_optimisation/results/S11_hourly_proxy_full_chain_summary_dense128.csv,aeb4d3d779aeb22f3346558fc40c54a0696a7cdb9eb5ae3afdf7b188c5a4a0d2,1965
analysis_code/workflows/20260811_capacity_optimisation/results/S11_hourly_proxy_station_membership_dense128.csv,cabe26ee795276f60fea573e30bd09289379b1bc39a7bac968ccc9629d5c1ae6,2327760
analysis_code/workflows/20260811_capacity_optimisation/results/S12_horizon_full_chain_dense128.csv,655b97c20c5fef5fc35414f29d105b5728863783d160642d93600a49bec836e0,1369
analysis_code/workflows/20260811_capacity_optimisation/results/S12_host_asset_continuity_screen_dense128.csv,787eb37b036dfbe139bacc1ba17bf6f8f0f2e87f0fc36fe8846506fed585c2c2,927
analysis_code/workflows/20260811_capacity_optimisation/results/S14_capacity_grid_convergence.csv,edc1eebfccc288d143713fe0299d74e87bebf50264455b7beb7e8b0a869c7d0d,1403
analysis_code/workflows/20260811_capacity_optimisation/results/S14_capacity_search_sequence.csv,5007006ca497b29df4b7b54dec5ce03c9127e82b831b6bd1581f149d6f20ee21,676
analysis_code/workflows/20260811_capacity_optimisation/results/S15_engineering_boundary_continuous_membership.csv,8590c112ae95f9eca049df911480c031ce351abc5d6fb081229d8bedb648eca0,1605374
analysis_code/workflows/20260811_capacity_optimisation/results/S15_engineering_boundary_continuous_summary.json,890d3e983231ab62e2c4d296495a3ba7d98d1c3228505006c6327358fce3d968,1359
analysis_code/workflows/20260811_capacity_optimisation/results/S21_learning_start_anchor_sensitivity_M129.csv,dca27e6175606984e717a5726ab696a9f7a4c1614691c0b9ad6ddb95259d5efc,885
analysis_code/workflows/20260811_capacity_optimisation/results/S22_resource_persistence_paths_M129.csv,224f66547b39058710bd300b009ce9b671cae5ff6056a2c5d86d6ee9f9931a38,2141
analysis_code/workflows/20260811_capacity_optimisation/results/S24_construction_residual_sensitivity_M129.csv,b629cd2c1f0f0f71cd1a62b823e18dcb34ea28a6a4b90d8c9bf3021e83c595a4,2168
analysis_code/workflows/20260811_capacity_optimisation/results/S24_electrical_buffer_sensitivity_M129.csv,04ed82fbf3c9dea1a46bb1d2cd523405a666dfd5e854c69a80275de09176e858,78474
analysis_code/workflows/20260811_capacity_optimisation/results/S24_perfect_electrical_buffer_upper_bound_M129.csv,fd8a41eab784093f8ae270a6089917320d34fbc5627f1a6b1404502c524cb7cc,1099
analysis_code/workflows/20260811_capacity_optimisation/results/S24_transport_netback_sensitivity_M129.csv,1638f5e38d9f8ccd03e8036babc0045ba588de8c895b4fd631ae064a7223967b,608
analysis_code/workflows/20260811_capacity_optimisation/results/S27_R4_minimum_build_size_sensitivity_M129.csv,bc6f501f3189ab6f1807cbff0b2871e59b9b7b0c641817411e11464f209c774e,5038
analysis_code/workflows/20260811_robustness/code/audit_augmented_continuous.py,89eb0cd71898da094032a36523de1fdb42505987cc9398f8365817c871db46e4,6336
analysis_code/workflows/20260811_robustness/code/audit_dense_mechanism.py,ca96fa8482fd44fa4a82190d2192d1c96f1ee8e2aecc8d91e4d528e93dfde27c,2876
analysis_code/workflows/20260811_robustness/code/prepare_revision_outputs.py,679719c30e9aa77d1e454f8695e31a4018cc7278cf71e69aeec3e35a2dffb63b,7844
analysis_code/workflows/20260811_robustness/code/run_capacity_optimized_revision.py,166daea7700154b266da795c096ab002b4cd2b5c5a0d53223c9ecbcd335f2ea8,7348
analysis_code/workflows/20260811_robustness/code/run_continuous_capacity_audit.py,6d35697822bd09e102d9dd1bf3153047a44f5474c95466469f10887ec93636b1,21705
analysis_code/workflows/20260811_robustness/code/run_dense_main_revision.py,5158fd90a2725f4e241591955f472bb841d7f3f6b3a09a4159877abc08f3f903,47137
analysis_code/workflows/20260811_robustness/code/run_high_risk_robustness.py,dbbbb79f639499aa07b7c821709a481c977cbeb254a52211c5648cc559c4700a,20163
analysis_code/workflows/20260811_robustness/code/run_r4_minimum_build_sensitivity.py,a5a21f387ad3fa87fc26489a4581cb243f605e4788bb3c828e528879a5c8eb7b,6992
analysis_code/workflows/20260811_robustness/code/run_si_robustness_extensions.py,800c3748755ac7bf6737f29aa6ac7825468b9503da10995f4776acd130ce26dc,39483
analysis_code/workflows/20260811_robustness/qa/high_risk_robustness_qa.json,c6e1bbd84c8a1103ba5bdd539399c9495f36662b82cd53f9babdb39a783bcda6,443
analysis_code/workflows/20260811_robustness/qa/S15_continuous_capacity_qa.json,655a714583b218928b12878e75c3ea2124d5566b2d29ee7ee6193dec4070e5a5,160
analysis_code/workflows/20260811_robustness/results/dense128_headline.json,e279bab0dedf776a45cd906dbe9683d7f61270609b6487e70addfc4e3ff0d1aa,11427
analysis_code/workflows/20260811_robustness/results/dense128_headline_corrected.json,ed7195e9a5c9b31e2f4e6be5af9099c210d4d6f94b841bdf8a213fee2f110873,11627
analysis_code/workflows/20260811_robustness/results/R2_continuous_hurdle_frontier_dense128.csv,3a610905d00cbc78b3cd0144705cad6db9e8dee00f2a63bcf23a8d9317f8f388,3919
analysis_code/workflows/20260811_robustness/results/R2_entry_price_sensitivity_dense128.csv,08a62596abbe0e4f06faba64997850dec49519fb9d02f3c802fe366acb757a1e,253
analysis_code/workflows/20260811_robustness/results/R2_main_station_results_dense128.csv,44565cf5191877ef069b94387d8b2337e029ec8481ded44601b2a770c438e967,1561832
analysis_code/workflows/20260811_robustness/results/R2_province_exposure_dense128.csv,39c255e8d52bac8e063857e0584632a432eb9d43308d9dee1ecabb4fadadf7d5,3918
analysis_code/workflows/20260811_robustness/results/R3_critical_terminal_price_dense128.csv,de89f6d469aa66c80c767daeeed1c65b4d23ce9901e71f78008ef7ae374ed81b,31477
analysis_code/workflows/20260811_robustness/results/R3_learning_flip_boundary_dense128.csv,d64bb8fefcf4a5a5f9595d26a00ef6b7fc9313ecbdd79bcf0b3515871ea3b782,18878
analysis_code/workflows/20260811_robustness/results/R3_learning_gain_vs_gap_dense128.csv,190d214af94b5fb406c86c505593540209263a6cf5cef4489c9e72359b4a8c2b,55621
analysis_code/workflows/20260811_robustness/results/R3_learning_intensity_curve_dense128.csv,0c62b52bc76858dda03a148479f02c256b7c0fccda8ce4b8a2252a0c6585ab83,5621
analysis_code/workflows/20260811_robustness/results/R3_mechanism_counterfactual_dense128.json,98bf9aa78ca63b9555b5a267da2f6c8c065dc45a696f1bd0d16589276ac9fc42,1501
analysis_code/workflows/20260811_robustness/results/R3_operating_hours_replacement_diagnostic_dense128.csv,9f2e00137eb76ba8231379b99572f504b2c025dc17daeac4a50dd11c8236049d,107855
analysis_code/workflows/20260811_robustness/results/R3_price_path_summary_dense128.csv,315b195a00386c8819e22e8aaa37621f1e9f4d042b99962110f91790caa1cc8a,886
analysis_code/workflows/20260811_robustness/results/R3_replacement_cadence_dense128.csv,8cb31350ae219f1cad736b8eecb064f21c7fac8307baa09d5fae28e8056613a3,462
analysis_code/workflows/20260811_robustness/results/R3_station_pathways_dense128.csv,470db3fd9ab0162825e971607fa9cecb52807e38360bb8a575c5398394a9f5d1,223684
analysis_code/workflows/20260811_robustness/results/R4_capacity_flexibility_dense128.csv,77959c4c91bb8eed2595fb77e23b6113c2d1286d191ec1d43b0000d4e1d5817b,1967
analysis_code/workflows/20260811_robustness/results/R4_durability_frontier_dense128.csv,6531b183630f83302ecc98d34336d3af55b88b1f7c925157209bcfe40716cb76,39663
analysis_code/workflows/20260811_robustness/results/R4_support_requirements_dense128.csv,1f9ac27d14b153ff2c6eaa2748acb38337f3ba07825c324f96ae805e97f9bd7f,143324
analysis_code/workflows/20260811_robustness/results/S11_hourly_proxy_duration_metrics.csv,2b24a4e8c7ad2b4ef913fb22e202ec7d7ce6878f6ef1339b18ee4335b9d20ee1,1666509
analysis_code/workflows/20260811_robustness/results/S11_hourly_proxy_full_chain_summary.csv,3e053daa629aa5cc16f5035307c7bc38ae5f2da06b2c32f848d355d3fdfd869b,2321
analysis_code/workflows/20260811_robustness/results/S11_hourly_proxy_full_chain_summary_dense128.csv,cdb4333622a54732b135fb037fcf8c4da31a618aa4309274839dcbe49bb166fb,1986
analysis_code/workflows/20260811_robustness/results/S11_hourly_proxy_station_membership.csv,66c743a3cdfa40feb5f55bac54acd783df9442641f19b59a6ab9e54db7eb4943,2654823
analysis_code/workflows/20260811_robustness/results/S11_hourly_proxy_station_membership_dense128.csv,596598516d80fd0144aafd9f0333133d006f9958388b2942c2ab4af41a20bef7,2655956
analysis_code/workflows/20260811_robustness/results/S12_horizon_full_chain_dense128.csv,1e0ace23e8d096aef83685c73e2f32618912497226b5516d7cf755c39a2b6002,1370
analysis_code/workflows/20260811_robustness/results/S12_horizon_full_chain_summary.csv,fc90745856f0434d54059253e5380d2fcec1f43b3569fe6a254a05aacf723cd4,1928
analysis_code/workflows/20260811_robustness/results/S12_host_asset_continuity_screen.csv,d2310dff0b3e8d7917596d6bb572f8af8ecb728cdbbd21e5da58c07132086954,915
analysis_code/workflows/20260811_robustness/results/S12_host_asset_continuity_screen_dense128.csv,6ac838514112d8c2103b12049b2d227e76d3823d9259fe5cb192a88ca49cfbd1,927
analysis_code/workflows/20260811_robustness/results/S13_anchor_hurdle_membership.csv,5560d3c62b277df7609e47bb25ba1e154d79f299acea74006d84ff2909025e3f,668483
analysis_code/workflows/20260811_robustness/results/S13_continuous_hurdle_frontier.csv,3d0293e7fb917109283ab2ffefa2d933812fd77df4ad4d11302ba45536f1191c,3066
analysis_code/workflows/20260811_robustness/results/S13_station_critical_return_hurdle.csv,638b54540e10147c336bed1d2427726bc2bafcf33ffd8bdde95b5c062d6a8a48,441719
analysis_code/workflows/20260811_robustness/results/S14_capacity_grid_convergence.csv,edc1eebfccc288d143713fe0299d74e87bebf50264455b7beb7e8b0a869c7d0d,1403
analysis_code/workflows/20260811_robustness/results/S15_continuous_capacity_membership.csv,6b35014aeaaaa4f73cd6d63fdd8df3e8424060225afdf38c226d025f4e8eae3e,2249749
analysis_code/workflows/20260811_robustness/results/S15_continuous_capacity_summary.json,f7a6081febfa85b0d64ceffaad911cc3a37de70904505c8401b3d28d5f176aaa,1951
analysis_code/workflows/20260811_robustness/results/S20_spatial_allocation_partial_identification.csv,4d3ceb44d12530718ff9b90b27062bb3752e62c7f622fde66fd7315bc086b5f0,946
analysis_code/workflows/20260811_robustness/results/S20_station_spatial_allocation_rates.csv,f54bb61db6fdcc026d06067c604533bf0aa1751eb17090a6cb26dbe35013128d,341334
analysis_code/workflows/20260811_robustness/results/S21_learning_start_anchor_sensitivity.csv,449b9c865696cc11ad0a0721f46dafc4f153a59017dc851ccbd819d45a522665,1039
analysis_code/workflows/20260811_robustness/results/S21_learning_start_anchor_sources.csv,9ae95238d90b6cdd0628a214992a7a8def215fc97349b0c53bc57717288d908b,343
analysis_code/workflows/20260811_robustness/results/S22_resource_persistence_paths.csv,85275ab96b89079dc1e8cf3410ad014ab955e4951b82e37589642f4f01fdd67f,2045
analysis_code/workflows/20260811_robustness/results/S23_minimum_load_mechanism_audit.csv,ee62b70383d42a84bec00c90eed3ca48abeb1d82ca4e1dcf060e725e12ea75e3,1770
analysis_code/workflows/20260818_figures/code/make_fig4_7panel_relayout.py,f96f5a03c1bd64255a07877748cd8eec2a9b37b4271d519996c9512e789e3acc,64565
analysis_code/workflows/20260818_figures/code/make_figures_story_redesign_20260827.py,3d6d54d2fbbd4e6cafe737df4b4754de84acc4897ec66801ce813d5431f57b4f,50205
analysis_code/workflows/20260818_figures/code/make_figures_unified_palette.py,ddc38d0a43ee6f67ec948af66bd7af341adcc73ff2c7713f686bb1c205d05685,74178
analysis_code/workflows/20260818_figures/code/make_high_risk_supplementary_figure.py,5ebedf5d66d3c77ff1337dbd9f06ba8325ae4e10574e8e9a6f885dcb65d1b09f,9077
analysis_code/workflows/20260818_figures/code/make_learning_boundary_supplementary_figure.py,8773a34a89dc46cd8ced5dbe2396d877cff4642c0e03c66fc758cef941bfbbc4,11227
analysis_code/workflows/20260818_figures/code/make_r3_replacement_supplementary_figure.py,6f31cdfb7d29cea2fdfe36a9a26e8ba5055193d09ea0c4150a285ee907104e30,6803
analysis_code/workflows/20260818_figures/code/prepare_osm_china_boundaries.py,1bdad4f3e311323cfda2fa23a23763014f1fb071595c9cede731c9fed307f8f4,4745
analysis_code/workflows/20260818_figures/compat_figure1/era5_multiyear/ERA5_resource_year_summary.csv,39df5b4b6b696b0006471eded5e4c0a173f76d90d2d26ba2fc4f11675d8fcb00,558
analysis_code/workflows/20260818_figures/compat_figure1/era5_multiyear/ERA5_station_resource_variability.csv,45c2a178a965702aabe3344a7920a57402f06ff643ce824e513e7e8727426b8d,1700797
analysis_code/workflows/20260818_figures/compat_figure1/era5_multiyear/ERA5_station_year_resource.csv,7cfd1ad67a945f31ce55b06be1376bf89f0c9d3a1b7d7bab9599e23cc2fd3cfc,7282933
analysis_code/workflows/20260818_figures/compat_figure1/R1_capture_frontier_verified.csv,c8ce788906e78d46d8d986797648324cbd6eba4ef5c08e493ddcbda5a01d945a,2969
analysis_code/workflows/20260818_figures/compat_figure1/R1_province_resource_verified.csv,c74bbae0f92b34390e2ee1a44edf395c1fcba5f494e333cbbc3723be1db7c13c,3065
analysis_code/workflows/20260818_figures/compat_figure1/R2_main_station_results_verified.csv,252f7e1510bb1030a46a029529193da30329be66fadcb79e58960266f76a3767,479412
analysis_code/workflows/20260818_figures/figures/ExtendedDataFigure_hourly_horizon_grid_robustness_optimized.pdf,c284cbee6938a30296f980aa747f34edd1e16a979000e396c516d5eef8432f68,55588
analysis_code/workflows/20260818_figures/figures/ExtendedDataFigure_hourly_horizon_grid_robustness_optimized.png,a494736f3811ae26db96135ca0ab595743fe1982dc1d277ceb9553b3a316dfe2,667609
analysis_code/workflows/20260818_figures/figures/ExtendedDataFigure_hourly_horizon_grid_robustness_optimized.svg,25c3efb5e5855db12eebdb846f46171aa8fdb2324288e81d0a9df15356c6544d,67856
analysis_code/workflows/20260818_figures/figures/Figure1_resource_boundary_optimized.pdf,d583a914f81adb8278a9eb427cbd68d3e014d655f80bd94a90d414ad98608657,4835278
analysis_code/workflows/20260818_figures/figures/Figure1_resource_boundary_optimized.png,95ae89ee8428af486fdff29c8464e9c823a7e5a4be6f5e07c0413cf0d002cf11,3237805
analysis_code/workflows/20260818_figures/figures/Figure2_admission_frontier_optimized.pdf,c5009ff47f0d222d790f7697d45052858f436cc9f6a5571fd34ff6ea27576138,195432
analysis_code/workflows/20260818_figures/figures/Figure2_admission_frontier_optimized.png,8cb0c8c7af8c297bcad2b6af0cc552f44d16821389d20647bbac6367e5f10d05,1097339
analysis_code/workflows/20260818_figures/figures/Figure2_admission_frontier_optimized.svg,ec4931a435d40b2247d9d787406a1f711f6b942fd1633af216cb27342b8d886e,330076
analysis_code/workflows/20260818_figures/figures/Figure2_nature_resource_boundary_v9.pdf,d583a914f81adb8278a9eb427cbd68d3e014d655f80bd94a90d414ad98608657,4835278
analysis_code/workflows/20260818_figures/figures/Figure2_nature_resource_boundary_v9.png,95ae89ee8428af486fdff29c8464e9c823a7e5a4be6f5e07c0413cf0d002cf11,3237805
analysis_code/workflows/20260818_figures/figures/Figure3_learning_gap_optimized.pdf,89eb0498124ef492f6b130be70209c4776287fda94e44e647995ac45913cac4f,225463
analysis_code/workflows/20260818_figures/figures/Figure3_learning_gap_optimized.png,925489eeacbb7a536098e4a596595b538269f6000f3fae264b9a52c58478b01b,1174443
analysis_code/workflows/20260818_figures/figures/Figure3_learning_gap_optimized.svg,6f74931c47b6c2991957a0e262d70adf522003a3c13cee023961a647b1a6ac18,463688
analysis_code/workflows/20260818_figures/figures/Figure4_forward_screening_optimized.pdf,f511ed81b7424e9dc0858955d367aa303968603e5b65f912ff51b8ef145561d9,95596
analysis_code/workflows/20260818_figures/figures/Figure4_forward_screening_optimized.png,4209d3e41ad2c530e886f0dc85c1a7b0f3c7c183dcf5e4752052b32d275c17c5,1049584
analysis_code/workflows/20260818_figures/figures/Figure4_forward_screening_optimized.svg,24780b47ee7910f698658c396cc7babacd8127ae22e41ed9750224d54d147deb,228209
analysis_code/workflows/20260818_figures/figures/Supplementary_Figure_S2_high_risk_boundaries.pdf,98e99203b880be28b6608b5cb91eac65bdf5bddeb75aafe0026c7617ff182905,61122
analysis_code/workflows/20260818_figures/figures/Supplementary_Figure_S2_high_risk_boundaries.png,19dde8d99cb91674cc1482d29852c495a43882927994d6262e4d37916157b1f0,455312
analysis_code/workflows/20260818_figures/figures/Supplementary_Figure_S2_high_risk_boundaries.svg,a6a5764964700737db6b98cce9e3f729e8b307556e4573f95a73d399b432c765,64794
analysis_code/workflows/20260818_figures/figures/Supplementary_Figure_S3_learning_finance_delivery_buffer.pdf,85ef9af9cb9f9ead0808699c47ffe2c4e1372d4a215f21c1694627f8181a0a28,87571
analysis_code/workflows/20260818_figures/figures/Supplementary_Figure_S3_learning_finance_delivery_buffer.png,dd309ce16aede7d7b7ae91ac95ab2812a1a663c10ec12456b74cfd120767cc7a,631694
analysis_code/workflows/20260818_figures/figures/Supplementary_Figure_S3_learning_finance_delivery_buffer.svg,3388880e8ae9baaea710d628465894761b21e50abd9ff4cb51241f56aa488ac9,100554
analysis_code/workflows/20260818_figures/redesign_20260827/Figure2_candidate.pdf,52b64c55252198da8299784fc368aab4df442e6e6b6186f564898e52214a7a3c,515347
analysis_code/workflows/20260818_figures/redesign_20260827/Figure2_candidate.png,863fe13c1b7203ac2bcf1a7461958e77bf9694c1cd45029af7ab462a1c0404b7,945924
analysis_code/workflows/20260818_figures/redesign_20260827/Figure2_candidate.svg,1a9f05ff4abdbc9c63ec1563c4818e5bcf2070dc00ef099072f796acc5b00871,771886
analysis_code/workflows/20260818_figures/redesign_20260827/Figure3_candidate.pdf,509bb08af085c1d695562b76be4abae76c086c653dce6e70b25898ec0cb97359,135989
analysis_code/workflows/20260818_figures/redesign_20260827/Figure3_candidate.png,ee3c8ed7de1aeccc2ca111590130ac4e96e45af145b20d267d1514405176fde7,734225
analysis_code/workflows/20260818_figures/redesign_20260827/Figure3_candidate.svg,ceeabb53fc99ad8c67a9878232d598c145475bd775e7d30cf0835944fe0f37c0,338979
analysis_code/workflows/20260818_figures/redesign_20260827/Figure4_candidate.pdf,c19b41556cbabb489ccb585e5ac2bdd3b312cba1d3921c730a53444780401a06,108526
analysis_code/workflows/20260818_figures/redesign_20260827/Figure4_candidate.png,6b7365fcc9cd767faf9f85ab9c424dbfbfee4058321b1dcd244e1be73fa44b73,929919
analysis_code/workflows/20260818_figures/redesign_20260827/Figure4_candidate.svg,6cac5d858e531b21bd0d113611f6ed85480753eaf541db8adfa3d589b7ba50c7,298266
analysis_code/workflows/20260819_map/code/fit_official_basemap.py,5784e183d844d5517a4355b1b58c7173607a116e7d09d6ef25891c20921bcb06,13074
analysis_code/workflows/20260819_map/code/inspect_official_svg.py,cfd9fe86cef54aa4b4ef851b432d5a0535d16ea7d10c2a58437f769a271bc014,2255
analysis_code/workflows/20260819_map/code/prepare_official_basemap.py,4629735545bac07110899f75893b22e18981cb7ae838d9f76b35bba322d3fc7c,3305
analysis_code/workflows/20260825_external_validity/code/common.py,ccd56c8f0af27072552e788f49dbcd463b8373a2e3b187a0c90435971d4a6386,9376
analysis_code/workflows/20260825_external_validity/code/run_all.py,b877dcb7fa3498d66cfcbca1e420706de424c4a67b6af0891747968261834d15,561
analysis_code/workflows/20260825_external_validity/code/run_extension_qa.py,edd1b507136f3c6079dee3be09dd09f45fbe0f83b04076b57b5b0094efcaa660,5231
analysis_code/workflows/20260825_external_validity/code/run_external_consistency.py,582caf2e302599009a09bef2e68ab9d0f6764ac7f89938f0f6ee394892a9488e,6243
analysis_code/workflows/20260825_external_validity/code/run_joint_uncertainty.py,37dcee7fcfd7a65a99ea5878fe05bf480737f27ab8da825c408dc342a39903ba,16514
analysis_code/workflows/20260825_external_validity/code/run_pem_m129.py,f2992674ddd84ed7b83279c3c579cf81bc3d575f920a1d6df349ad5e6d1d55ee,9530
analysis_code/workflows/20260825_external_validity/code/run_spatial_screens.py,9d2375763a47268a9ea7822ce767d637fe0772ce87487f139165a3d0456ab44b,11814
analysis_code/workflows/20260825_external_validity/code/sync_submission_outputs.py,edfdd962f27a3728db63eae00920fe17f3415569dcf4a98a9ca090d400244d6f,2930
analysis_code/workflows/20260825_external_validity/code/write_source_registry.py,0bec0b2e3a36fa548638ec2c29c043b65acf6abebc7222f2e355a23b77402733,3439
analysis_code/workflows/20260825_external_validity/inputs/Bi_et_al_2026_transport_supplementary_data.xlsx,7c16e793d7f3aaf22ee378be40bd9f6f7131cbb4dba1df986692647b68cbe7e1,55046
analysis_code/workflows/20260825_external_validity/inputs/IEA_hydrogen_projects_2026.json,d216a0ef4d90a09e31c0a9f648c6e6a87ab9d25fc63631a03a2091ab44c7c109,689655
analysis_code/workflows/20260825_external_validity/inputs/Xie_et_al_2026_water_supplementary_data.xlsx,21334b332d386fa7aecf3a8bc3753b289c5a0856aac38e5b9327153a037b4b2d,10120091
analysis_code/workflows/20260825_external_validity/qa/external_consistency_qa.json,a80dda52a847c3267319f7486680b45038a90baa5519463cc433753585a6d41d,687
analysis_code/workflows/20260825_external_validity/qa/external_source_registry_qa.json,3cbc61317c3fe11d987917bb3e324f345dbb85a05c412acee22a904bb3622b50,141
analysis_code/workflows/20260825_external_validity/qa/external_validity_aggregate_qa.json,7d0e4f8a61ea39d3325c59fcf1d57d798eee19a29aefcd70d7db13e882418ec0,911
analysis_code/workflows/20260825_external_validity/qa/joint_uncertainty_qa.json,0dfc4e77e591ea91e49b612ee12ef1f1c587d681241016e94a63d88c2e9f3a9d,258
analysis_code/workflows/20260825_external_validity/qa/pem_m129_qa.json,d7f93326d0eaa87301f9422522e18c53211074f697c3f59fa1510fa3909da817,493
analysis_code/workflows/20260825_external_validity/qa/spatial_screens_qa.json,6d697c4dad5246bfd359fca7ae3c01b3793729cf6dfc5f6a80f3b92f9dfc07b5,274
analysis_code/workflows/20260825_external_validity/README.md,fb0022e410f58570ddb687dda0bb8e8b616d7cc0d3331851917c2e95e80952d9,1630
analysis_code/workflows/20260825_external_validity/results/external_financing_hurdle_ladder_M129.csv,881b52014d039a83808b016c8fa72fffef6ec0cef7031c2716a5111ad61113d1,735
analysis_code/workflows/20260825_external_validity/results/external_source_registry.csv,979cefd3792805dc0791a7060542f20f39ac7704a785fd971414ccb0d1d9a575,1842
analysis_code/workflows/20260825_external_validity/results/IEA_China_electrolysis_status_summary.csv,221f3bf07e62613fc33411f7bb80c02b2b8ce3fec8f729ae943c31ffc915ebe8,214
analysis_code/workflows/20260825_external_validity/results/IEA_China_located_electrolysis_projects.csv,882c03cdd3bf396d39e8adaddc5496d98dc2fc1982a259731288674f1366a030,18855
analysis_code/workflows/20260825_external_validity/results/joint_uncertainty_convergence.csv,0a37aa111bebd8dedbc98d78309ed4fda1798f86b846a0c165ff74dd0ba0d9fc,1758
analysis_code/workflows/20260825_external_validity/results/joint_uncertainty_draws.csv,a26ac7120b0ffa7e711afb472bbe6015d82b9b1472f0c115c4cd0c78376941d3,5131697
analysis_code/workflows/20260825_external_validity/results/joint_uncertainty_priors.json,ff7782e589b3a36b429ccf2bab373abd589d0012c2f2dd143448edeafd2a7323,2047
analysis_code/workflows/20260825_external_validity/results/joint_uncertainty_record_probabilities.csv,793b004c9948b158ec8813f8220fefb4072e27707d72546d5544815da3ac2757,302447
analysis_code/workflows/20260825_external_validity/results/joint_uncertainty_summary.csv,2b41ec932720d127cd5e403631bf7e43c0f3a3ffadb2ab5bd5549c30effa8c00,1009
analysis_code/workflows/20260825_external_validity/results/PEM_M129_incumbent_learning_upper_bound.csv,e3d27cdb9b67666c917f17d4e7929c477bf2579d5eccae5227a7073ec50518ab,455
analysis_code/workflows/20260825_external_validity/results/PEM_M129_static_entry.csv,6457e5e59e85f31ffbbeb3bf7facf88292401347ac21221b948d0834095735c8,775
analysis_code/workflows/20260825_external_validity/results/spatial_demand_overlap_by_province.csv,532a938cdb62bd80293b3f75fe658a74dc6a495ef557f5aaf86dd2aa26beb4e4,5349
analysis_code/workflows/20260825_external_validity/results/spatial_transport_netback_reoptimization_M129.csv,d21da11ad575c17eae0d2457ea6a0c27562b2b97371cffd8e00abf13edd4eee9,417
analysis_code/workflows/20260825_external_validity/results/spatial_water_exposure_by_province.csv,8f49fecb99956a1440c428c0263e0196bf05e6069e4bab7b60bcfd7a198bf701,8644
build_package_manifest.py,2494f1e92dec44e7d81f32658c4424098ed94183421160ddcd884a0f35af492b,2027
CITATION.cff,e030d6ea4522e9a18cc49c35c476f8ac0fe76171c53bf5db69ddc6979e22fdc2,700
cross_package_qa.json,8d1b499860be8a667c7594f19693026cfa37445da77f0646fc73cfccb067b5b3,1222
figures/code_generated/ExtendedDataFigure1.pdf,2a3081aa36ffb0cc3fc40b956d9dfdadb1cb3fe413aae407e2825722cc91f4f7,59021
figures/code_generated/Figure1.pdf,d583a914f81adb8278a9eb427cbd68d3e014d655f80bd94a90d414ad98608657,4835278
figures/code_generated/Figure2.pdf,59444a52c3f59caba4b0c9d657137a573e4a6f4299ff0184f9875f0de2f581dd,523011
figures/code_generated/Figure3.pdf,a131ad536b23eb6a5bca679496bbcc32f9822fa84b95c33e1bd1dd670d2934e8,137691
figures/code_generated/Figure4.pdf,13692e1e928fa7da916204971956e3d037b4bcaa7a2ed07645de29e5fff8722e,108089
figures/code_generated/Supplementary_Figure_S1.pdf,76f0fb300cd8ba36c768cf64e88e902b839211400aa608afb25400d372824fa4,59033
figures/code_generated/Supplementary_Figure_S2.pdf,98e99203b880be28b6608b5cb91eac65bdf5bddeb75aafe0026c7617ff182905,61122
figures/edit_log.csv,27e67fec4e839ca35df5e12bca43deef4d23bbae204531e4c6b467a6195367a3,3174
figures/README.md,2e836efe1750283ddd809cb0cf6f31570123cc8c53cde72a3f9dc8476b94fdbd,1668
figures/submission_artwork/ExtendedDataFigure1.pdf,2a3081aa36ffb0cc3fc40b956d9dfdadb1cb3fe413aae407e2825722cc91f4f7,59021
figures/submission_artwork/Figure1.pdf,d583a914f81adb8278a9eb427cbd68d3e014d655f80bd94a90d414ad98608657,4835278
figures/submission_artwork/Figure1_microtuned.png,37986e0d741a1fb3c57261114debb56e5934951b024063382f3fa843dcb9985f,1403643
figures/submission_artwork/Figure2.pdf,59444a52c3f59caba4b0c9d657137a573e4a6f4299ff0184f9875f0de2f581dd,523011
figures/submission_artwork/Figure2_microtuned.png,d4db5170d3b24a226934e9e7f6020965220a92bc4aca9f1a2a38a2abff3f4596,777595
figures/submission_artwork/Figure3.pdf,a131ad536b23eb6a5bca679496bbcc32f9822fa84b95c33e1bd1dd670d2934e8,137691
figures/submission_artwork/Figure3_microtuned.png,34e8233771f02cdcda80df64bdab9440e5d5e3fc3179f24bfc7070a643676d59,613726
figures/submission_artwork/Figure4.pdf,13692e1e928fa7da916204971956e3d037b4bcaa7a2ed07645de29e5fff8722e,108089
figures/submission_artwork/Figure4_microtuned.png,716f756212d4061699185ff77fae3d818947a4b144015aad0dd1d5508c86f5df,602605
figures/submission_artwork/Supplementary_Figure_S1.pdf,76f0fb300cd8ba36c768cf64e88e902b839211400aa608afb25400d372824fa4,59033
figures/submission_artwork/Supplementary_Figure_S2.pdf,98e99203b880be28b6608b5cb91eac65bdf5bddeb75aafe0026c7617ff182905,61122
LICENSE_STATUS.md,e6c75cd0f46b71ee188b071fede691c571f8b2dcadfd046cbba7543d46c12724,524
Main_manuscript/figures/ExtendedDataFigure1.pdf,2a3081aa36ffb0cc3fc40b956d9dfdadb1cb3fe413aae407e2825722cc91f4f7,59021
Main_manuscript/figures/ExtendedDataFigure1_selected.png,8a34f82ff33037f7fa8a5e5b794b596f5fe66a1b88ede8f7373e6a04418a7e99,447354
Main_manuscript/figures/Figure1.pdf,c53965e262d5b73e9e969bcb5c4e284158789b9b05053157ed638b8fa27e0fb4,4846001
Main_manuscript/figures/Figure1_img0.png,b52c6dee568a616a16a3ac20ee2d7645842e96e599f18963a6a5d9f666b159cc,98392
Main_manuscript/figures/Figure1_img1.png,beabf9443d150bff00ede92dd4fdbf4ea9cd1ea830cd26414306a582525b1643,176077
Main_manuscript/figures/Figure1_img2.png,7f29dd9484e2b34832eeafb8fc035cf9cb6da20719b0d68f5696e89b8a328d7b,89948
Main_manuscript/figures/Figure1_img3.png,c0bfbe3d7d100c2c6c68ece7e255a2624385686084a4281289b6c1ef58de88ba,42261
Main_manuscript/figures/Figure1_img4.png,f1f84e7b3155877bf09c1cb47f5a819c919cd119d53ac6fef694741128c253e7,32441
Main_manuscript/figures/Figure1_img5.png,11976b68a895b877071702c8908b54bb4a2f97ba67cff372b6d43a0002e64b60,86026
Main_manuscript/figures/Figure1_img6.png,aac669897a1d87779c71316be034fb53cd5294d3e8d7842cb3e0889f7ed1c7c5,662
Main_manuscript/figures/Figure1_microtuned.png,0604c870e8e4d20197c7103a74c2b0988cdb5cd295fbf528f0fb253bba16354b,1336462
Main_manuscript/figures/Figure1_selected.png,2759442fc0cbd42e378023aac3dd0a308bb28ad6e12221991e029bb710cafb15,1410325
Main_manuscript/figures/Figure2.pdf,59444a52c3f59caba4b0c9d657137a573e4a6f4299ff0184f9875f0de2f581dd,523011
Main_manuscript/figures/Figure2_microtuned.png,d4db5170d3b24a226934e9e7f6020965220a92bc4aca9f1a2a38a2abff3f4596,777595
Main_manuscript/figures/Figure2_redesign_20260827.pdf,59444a52c3f59caba4b0c9d657137a573e4a6f4299ff0184f9875f0de2f581dd,523011
Main_manuscript/figures/Figure2_selected.png,40d56f68fcfbca5350b97bd015f68cd1fa957033de2e37b77f2319413bf785a9,767323
Main_manuscript/figures/Figure3.pdf,a131ad536b23eb6a5bca679496bbcc32f9822fa84b95c33e1bd1dd670d2934e8,137691
Main_manuscript/figures/Figure3_microtuned.png,34e8233771f02cdcda80df64bdab9440e5d5e3fc3179f24bfc7070a643676d59,613726
Main_manuscript/figures/Figure3_redesign_20260827.pdf,a131ad536b23eb6a5bca679496bbcc32f9822fa84b95c33e1bd1dd670d2934e8,137691
Main_manuscript/figures/Figure3_selected.png,c5977ad438e4e0c988d1bd39b33a3e8ec8f2d6d741b37e6c2c0925550d1f9c64,617325
Main_manuscript/figures/Figure4.pdf,1d4587e59116837f8af87eddd155daed7e89097b53931f4e071af315473d3587,108363
Main_manuscript/figures/Figure4.png,c5bce33394c95c245438e8063a48eba58bc4dd8f0f31122d3d4c40b631cd64b2,926918
Main_manuscript/figures/Figure4_microtuned.png,716f756212d4061699185ff77fae3d818947a4b144015aad0dd1d5508c86f5df,602605
Main_manuscript/figures/Figure4_redesign_20260827.pdf,13692e1e928fa7da916204971956e3d037b4bcaa7a2ed07645de29e5fff8722e,108089
Main_manuscript/figures/Figure4_selected.png,9d3f9ef530d085b08257692ef7a43ee078b668ef725bfec3e8673dac780811b6,643331
Main_manuscript/figures/map_assets/south_china_sea_inset_clean.png,9a41083163cb92f3dbaffd9dd75cf4265570fbffffeb62d57de855ef1d778fe9,6723
Main_manuscript/figures/SouthChinaSeaInset.pdf,e3ffaaca769a4c70c4ac966de5e00ee10aff005a780c7ff7fd330da0af00c43d,10810
Main_manuscript/joule_manuscript_qa.json,3e05e1a5a550ca1163d312cc72a8692354363d6cff2eb9a2aeb4321a0509b2ab,235
Main_manuscript/main_manuscript_figures_at_end.pdf,6eeb0bfd6b51ab6bb6274a4a26b3acfb00a8e689ea8b2b0675c15a6f42518882,2876546
Main_manuscript/main_manuscript_joule.pdf,6080b5761012f69f2bf1af085a9ac0575470019e135bccedd6750e4b8ca2f28a,3481199
Main_manuscript/main_manuscript_joule.tex,3c4c16ab0ec7408c7c2f8d2b3158137bbc604f4ccc9579da591ffb79b8139392,79717
Main_manuscript/main_manuscript_joule_review.pdf,c260b49281f4bde0b28bb0e2492c7592cbbcc120eb12277fc394ecbece91f7c1,3491417
Main_manuscript/main_manuscript_joule_review.tex,5c5761874dd982230980e5976a4face5098843a07bf02a4e3a4c00e3091914e1,79755
Main_manuscript/main_manuscript_nature_article.pdf,023e16c68904cfea9fb6e532cc7f4cdbfca0c7d96ade106eeb49014928afdacf,3478610
Main_manuscript/main_manuscript_nature_article.tex,0b6557c1f5698792fd48c39fadaa25370df5b125431251a460d6d8fa39239e80,77948
Main_manuscript/main_manuscript_nature_article_review.pdf,c2c0dc943bb5f6e1bbf0c8f62da890950dd0026d07aba8b479127c2b76d56fcb,3488605
Main_manuscript/main_manuscript_nature_article_review.tex,5ff4fcbf0f2b82838f740522e12a35af96b646cf356e557bd3e2db3b42bb25ff,77986
Main_manuscript/main_manuscript_qa.json,3c4dcd5f0624b9d49fdeea98ae5da5e46f332a8107e34a91b5b4e41ac197c653,1772
Main_manuscript/main_manuscript_review_figures_at_end.pdf,217930cd4c7d3e90a39f1a3923fcd2d041f812036cf030b44692f242ddba5740,2723784
Main_manuscript/qa_joule.py,9041a1d5cd57c7cdb6e46bfc17390a4066ef27dba01f12f4fa32930bf53dd743,4149
Main_manuscript/qa_main.py,4e8fae5cd904063d77012bb6d40033ec7d7dfab00e5183e3fb0f95b3791e8446,40566
Main_manuscript/README.md,a400b85fb5da7a2d3f4ca52a4d383c2c28c263e2c3270d4beae56e11da769358,6238
Main_manuscript/sn-jnl.cls,36d0c3273a59d48dc6a9c7b080dfa1ec50dc10229d8751568d1f2e490ffa5ecc,55857
Main_manuscript/sn-nature.bst,638d68f5b0e92ffb25d64d29c7334e1bac6bbf54574b602bc633af8d96e1fd9b,39056
Main_manuscript/source_data/condition_design_revision_headline_M129_30y.json,cb9007e85fcedfa23462edc7922d10146d2a3683efdecd21c2c8e3fb95371eba,2121
Main_manuscript/source_data/ERA5_multiyear_headline.json,233b6170782ab73c35649dc42bbcfed0eddda643f92ba038798efac143768366,804
Main_manuscript/source_data/external_financing_hurdle_ladder_M129.csv,d09bb630a31470e10fa121181e33243e18cfbc9bc1293cef9414bbd3adfe4519,720
Main_manuscript/source_data/external_source_registry.csv,979cefd3792805dc0791a7060542f20f39ac7704a785fd971414ccb0d1d9a575,1842
Main_manuscript/source_data/Figure1_authorised_map_provenance.txt,0233a5e3c9a79b256e6687115704ffb79dcf5770506a4c1c3100cb3a10c977aa,1641
Main_manuscript/source_data/Figure1_osm_map_provenance.txt,debac44b48b00556e2fc4767a682f418c7e5e39e79ff3d1648fa97c250de65bf,1027
Main_manuscript/source_data/G16_R4_actual_weather_capacity_flexibility.csv,cf6e11589df6f70cb9a3eae241cf84a549cbaa85044f8dfa666f7ff2ecdb68bc,4937
Main_manuscript/source_data/headline_results.json,abf6e297f94f3364324772b57f810f7042164e290205e3577fc78e3355832f69,17206
Main_manuscript/source_data/hourly_input_hashes.csv,4a140b38077ea1710690b148091a6afb130fae963f4b99af8a6a4f53aa58201d,3758
Main_manuscript/source_data/hourly_input_provenance.csv,523ddcf3e9cac761afb10fc4b7e6dc0ef5e21fe67943e755332c7e766d0815a0,2429
Main_manuscript/source_data/IEA_China_electrolysis_status_summary.csv,221f3bf07e62613fc33411f7bb80c02b2b8ce3fec8f729ae943c31ffc915ebe8,214
Main_manuscript/source_data/joint_uncertainty_convergence.csv,b5ea0fba42807f8506166ba786adaffd0ded5b6838d937ad9bf0d3dc4acb24ff,1677
Main_manuscript/source_data/joint_uncertainty_draws.csv,8f88c5a27a07ea55b726ecbc9c04c9d201cb57689dba2928367620f937dc9def,5091645
Main_manuscript/source_data/joint_uncertainty_priors.json,ff7782e589b3a36b429ccf2bab373abd589d0012c2f2dd143448edeafd2a7323,2047
Main_manuscript/source_data/joint_uncertainty_record_probabilities.csv,748e5f7c847981c9a5776cc1f2c1ed6191865e772a61237f5da931060a49b9b9,307841
Main_manuscript/source_data/joint_uncertainty_summary.csv,6fe43c52c772631ee677a628a6c97f5b9232599343911bf2a30e1fb54be8a51e,990
Main_manuscript/source_data/learning_paths_2026_2060.csv,8788f64bd84c903c1d7974e0701920d79c0e4b47e7972d80701ab173b7c0fb97,97387
Main_manuscript/source_data/M129_engineering_boundary_continuous_summary.json,890d3e983231ab62e2c4d296495a3ba7d98d1c3228505006c6327358fce3d968,1359
Main_manuscript/source_data/official_china_basemap/GS2023_2767_clean.svg,e4e1e78cfc83121fd3df3d2bbb629309de289e44835e6123ae075aa36df62f64,853116
Main_manuscript/source_data/official_china_basemap/GS2023_2767_paths.json,7d50d54f13651f04a6de1748f716fe61e3f1d8c78db4e814d4482629265ea7e1,309013
Main_manuscript/source_data/official_china_basemap/GS2023_2767_registration.json,e002e06148a083520c591cdf576077667f88576dd301525ebce3e7a749eb5088,814
Main_manuscript/source_data/official_china_basemap/GS2023_2767_registration_diagnostic.png,4a6984b16df306cc1c5c85ed183b1b2fabb8ad508e5af14c48c580c9d91caf70,43396
Main_manuscript/source_data/official_china_basemap/MNR_China_1_10m_GS2023_2763_preview.png,8b52e6a30a2ae6abc908e31e0b29e2987d1d234da8d5ba7cd885ce2c6e458492,484960
Main_manuscript/source_data/official_china_basemap/MNR_China_boundary_1_7.4m_GS2023_2767_preview.png,ce019f7363f9b5efe0d59f841ac9da7cd821282c0a77b241d9a339a60c723a48,525356
Main_manuscript/source_data/official_china_basemap/official_map_preview.png,6c0be2a61ecdda82f72d0319fd2e9314c79da58d570310568b04dd62b2273a4a,224454
Main_manuscript/source_data/official_china_basemap/README.md,a845274d0252ee529cc87c5898f0f4c0d5f0953f1e393c19ed5540dd3ff0b260,4734
Main_manuscript/source_data/osm_china_boundaries/osm_china_admin_2_4_20260828.geojson,46cd7e8687452a24405c0a0e7f0635eca124e73823a9cacb91ecf59b10d5f626,16033906
Main_manuscript/source_data/osm_china_boundaries/README.md,f9b0df2cf000e419a6b359b937a77ce5323ff1b30aec12171d0f1339851d7fb5,1974
Main_manuscript/source_data/osm_coastline/osm_land_east_asia_20260825.geojson,9f549040b10bf44717ccf32576a3b332964efd1599c94d192f8181a6e1279b64,2762971
Main_manuscript/source_data/osm_coastline/README.md,85148ac6badbf4a04fecf05c16ec8fa6a9e95cf2acfb2fee6ae35c102f9cd68d,1121
Main_manuscript/source_data/parameter_provenance_registry.csv,f68e1078405d6e3d8f66469e3443daf1b530901be71315a6560482059a330b4b,9111
Main_manuscript/source_data/PEM_M129_incumbent_learning_upper_bound.csv,e3d27cdb9b67666c917f17d4e7929c477bf2579d5eccae5227a7073ec50518ab,455
Main_manuscript/source_data/PEM_M129_static_entry.csv,186afda425899e58960a2c74ff0be4e952c7f295f3d3a6811f8335f581fd57a5,772
Main_manuscript/source_data/provincial_water_price_input.csv,013d8f9daa4c2193bb54e9cd80affdbdff7729e2b8d10a8367c9babf04cdd327,2311
Main_manuscript/source_data/R1_capture_frontier_verified.csv,c8ce788906e78d46d8d986797648324cbd6eba4ef5c08e493ddcbda5a01d945a,2969
Main_manuscript/source_data/R2_continuous_hurdle_frontier_dense128.csv,e37529e36600b49383b1fa8dd3e597cb816d269d5b4b1c92d696715d5cfcf443,3925
Main_manuscript/source_data/R2_entry_price_sensitivity_dense128.csv,e90f7fb83f4e75e1606f1b6f899a6bb7dd69b5de7b67d3912a1798c50f5528d4,252
Main_manuscript/source_data/R2_entry_summary_by_era5_weather_year.csv,4116857f63b355cb19e7713f5c8d03766a0f86da90de5167efe394b0d8d5eb71,1594
Main_manuscript/source_data/R2_FID_expectation_matrix_M129_30y.csv,dab09d3596f17d9f24a1382490b7594d523ac21c6f917d2247d98fe7a52e3362,1948
Main_manuscript/source_data/R2_hurdle_expectation_surface_M129_30y.csv,24c5fe510bb0a18ffc389eda4e2ffc776e0b0121585ad738ccb101c76647c3b0,7143
Main_manuscript/source_data/R2_R3_expectation_realization_matrix_M129_30y.csv,2d5d77b4a070f5ea0e0553333aa6d5596a3f0a0222793c6d15f30b330644feb1,1194
Main_manuscript/source_data/R2_R3_return_ladder_learning_M129_30y.csv,08de07c4e83cbbc3267c7a8b9b5ee5598a35c5b269ba7ecf48ddb6aa58a8fffd,1233
Main_manuscript/source_data/R2_R3_return_ladder_surface_M129_30y.csv,5ec7d771f4a63a220dd04b36726a47263658d9f368edf0cb3cd005ec7a18155a,7574
Main_manuscript/source_data/R3_component_incidence_path_M129.csv,22bcd67df60c3a10c7d34ad24c22f056ed6d0b9acb4306a759d91b7338606094,187149
Main_manuscript/source_data/R3_critical_stack_learning_rate_M129.csv,65feea3509c3b5c65bcbc0d09c0e8c643426a00eee3169302d46c59a879974d2,143227
Main_manuscript/source_data/R3_critical_terminal_price_dense128.csv,df3208651cbe0e741af2ea43bb56d4a735c108533379f7db679b849bdffce7df,33044
Main_manuscript/source_data/R3_incidence_joint_boundary_M129.csv,48c313c16a79c4bc5b9a7a937ce6391554dfa4f7f9ccecda770c066c956350e6,87593
Main_manuscript/source_data/R3_incumbent_access_price_passthrough_M129.csv,802447f0f74b5847e89dccaced83e86372a874d072e8cb2f7c0175da160b22c7,2209
Main_manuscript/source_data/R3_learning_flip_boundary_dense128.csv,9ee7652f87ad964158641120cad6527f8c91676e7cd20319111acb716c213c76,20221
Main_manuscript/source_data/R3_learning_gain_vs_gap_dense128.csv,811547c2847efc2d39b122381968cd87fd4c2d5e734158be4afc560157c56cd0,56025
Main_manuscript/source_data/R3_learning_incidence_boundary_headline_M129.json,241f477e5e22d5e189f6c1abf6127667eb3f0fe75e37d12d839a9f7aa4beccdc,1353
Main_manuscript/source_data/R3_learning_intensity_curve_dense128.csv,491bd83e903a77a967dd9a3460352b6012f3f549cc2db2545d24ca2ec2ffc00e,5639
Main_manuscript/source_data/R3_mechanism_by_era5_weather_year.csv,5cd743209fb4f4781f3fe5122eac93559b0c3fefd35a89c5e8cc54c680d54344,1841
Main_manuscript/source_data/R3_mechanism_counterfactual_dense128.json,7f8e492d03df178d708c32d3d95b767108ad772e6d57b65018b3dc66f0f4f838,1656
Main_manuscript/source_data/R3_nonstack_transfer_price_passthrough_M129.csv,5e28ebc20fffcdb7e152ae273f109eb7575905a2a54a9e1c907dbc2f6314af6f,49540
Main_manuscript/source_data/R3_operating_hours_replacement_diagnostic_dense128.csv,18d24b673b5b6d7746b80443a06b2b5de5769bdba43998608fe325b6520a703b,105050
Main_manuscript/source_data/R3_price_passthrough_weight_sensitivity_M129.csv,da0ebfaadb9972c2cdb9805ebc7e9e8c495be9bff7b6ea24979bf8f4462a9bf5,6029
Main_manuscript/source_data/R3_price_path_summary_dense128.csv,8bb0b80a55f4b5cae5ba1e78ad5c01e1dd4adcb49e553f881897301743af6add,888
Main_manuscript/source_data/R3_replacement_cadence_dense128.csv,4da8d995e41f6b4dd4bbf11498fbcc658a5cb60051343056d4044cf325137d65,769
Main_manuscript/source_data/R3_stack_learning_rate_cadence_surface_M129.csv,b45ccfd0ef3a9b4489544632a04fa994fb477d1aeb876e8e4d781aa4ad270d5b,42768
Main_manuscript/source_data/R4_capacity_flexibility_dense128.csv,4e64859921f10dc9c0c0474e82139fce33722aa1a02c8a01ae504ca5457555ed,1999
Main_manuscript/source_data/R4_durability_frontier_dense128.csv,589a4d7c7538294f59f1b13cc8ac37b4ff482f8bc7ea1070c8e09ab832c4a5e9,39636
Main_manuscript/source_data/R4_support_requirements_dense128.csv,33c8fff9f730c0a37b63aa2afb107f049856a612d2ffdcb7735461b2ae9b54f1,146220
Main_manuscript/source_data/README.md,8764f4989d7663f9018a9479da1f84e568d09ba0f09a06da0e29644bfaeed127,7354
Main_manuscript/source_data/S11_hourly_proxy_full_chain_summary_dense128.csv,aeb4d3d779aeb22f3346558fc40c54a0696a7cdb9eb5ae3afdf7b188c5a4a0d2,1965
Main_manuscript/source_data/S12_horizon_full_chain_dense128.csv,655b97c20c5fef5fc35414f29d105b5728863783d160642d93600a49bec836e0,1369
Main_manuscript/source_data/S27_R4_minimum_build_size_sensitivity_M129.csv,bc6f501f3189ab6f1807cbff0b2871e59b9b7b0c641817411e11464f209c774e,5038
Main_manuscript/source_data/spatial_demand_overlap_by_province.csv,aa4062116671c39a1a517ff383f45c4b96b922d0ebbfac5e05541a942b682b5a,5251
Main_manuscript/source_data/spatial_transport_netback_reoptimization_M129.csv,6c691a982cb23220d0eeebee65e6a557054b1b41aa7c497a998de474eb651060,406
Main_manuscript/source_data/spatial_water_exposure_by_province.csv,504955f07080b21721bdeb370d2fd0f7cdb9791b87833795234a8ccb69647fc9,8451
qa_cross_package.py,423de77160b412132cb20b37bc9b8e2cdaeed3ea23988c7f39ae19d7af5fb6be,9915
README.md,074d4d324d1054d0484acede52ee5ff760ed75d21416dc3f53731583f591a7e1,6879
Supplementary_information/figures/Supplementary_Figure_S1.pdf,76f0fb300cd8ba36c768cf64e88e902b839211400aa608afb25400d372824fa4,59033
Supplementary_information/figures/Supplementary_Figure_S1_preview.png,29f7bde46629dfdbeebd5a5eed2001e11c014ec2531ec1ef3ea4b49ef416db08,687949
Supplementary_information/figures/Supplementary_Figure_S2.pdf,98e99203b880be28b6608b5cb91eac65bdf5bddeb75aafe0026c7617ff182905,61122
Supplementary_information/figures/Supplementary_Figure_S2_preview.png,19dde8d99cb91674cc1482d29852c495a43882927994d6262e4d37916157b1f0,455312
Supplementary_information/figures/Supplementary_Figure_S3.pdf,85ef9af9cb9f9ead0808699c47ffe2c4e1372d4a215f21c1694627f8181a0a28,87571
Supplementary_information/figures/Supplementary_Figure_S4.pdf,b8e6cd60e78f2c775d41831fb7df54c4e651c600e47ede9be18e81d4432f66cb,49532
Supplementary_information/figures/Supplementary_Figure_S4_preview.png,133bc5b105ecd1ea4e975dd523707f2e6861284fe5268de4881bba205e7b8fd4,226925
Supplementary_information/qa_pdf_text.py,027ec49e3aa00eda53098b57e6c75f3107727fc61c03d1713e3a7763d10c09df,3288
Supplementary_information/README.md,93aeb966f1475596d5d31e10fd5f4efcc7a8cf5687dd8a07fc4e64aaf8f63990,3073
Supplementary_information/SIGuide.txt,3174b22f0c2e4f5dd524c50685a1dbeb185b19c2722654e2f087259d39d072af,552
Supplementary_information/sn-jnl.cls,36d0c3273a59d48dc6a9c7b080dfa1ec50dc10229d8751568d1f2e490ffa5ecc,55857
Supplementary_information/sn-nature.bst,638d68f5b0e92ffb25d64d29c7334e1bac6bbf54574b602bc633af8d96e1fd9b,39056
Supplementary_information/source_data/chinabond_government_5y_20260604_20260702.csv,c8d898857d385564f475b4fd82d13f4d60e7f9a5d2f511849ef7046e4f94466c,3840
Supplementary_information/source_data/condition_design_revision_headline_M129_30y.json,cb9007e85fcedfa23462edc7922d10146d2a3683efdecd21c2c8e3fb95371eba,2121
Supplementary_information/source_data/electrolyser_deployment_authoritative_anchors.csv,e593204689b643b8060b9cb0bec11e9010a8a6d8000504d6cdd42a2f033109ce,1978
Supplementary_information/source_data/ERA5_multiyear_headline.json,233b6170782ab73c35649dc42bbcfed0eddda643f92ba038798efac143768366,804
Supplementary_information/source_data/external_financing_hurdle_ladder_M129.csv,d09bb630a31470e10fa121181e33243e18cfbc9bc1293cef9414bbd3adfe4519,720
Supplementary_information/source_data/external_source_registry.csv,979cefd3792805dc0791a7060542f20f39ac7704a785fd971414ccb0d1d9a575,1842
Supplementary_information/source_data/G16_PEM_static_entry.csv,8e931945246f55ff6cfaf7b51299b648fa57e32055b606cd11e3c90566cd8a37,1425
Supplementary_information/source_data/G16_R2_alkaline_minimum_load.csv,b54b9a69d0d1eeca0c8e5491f0d4dbc5f176d288b692e64e43b19d2e03a4c38b,619
Supplementary_information/source_data/G16_R2_deterministic_scenario_grid.csv,a4ce46c51a06a90b18ba77178c842a3107bbf2011574b2f19ad4b6774ba202e0,498029
Supplementary_information/source_data/G16_R2_financing_surface.csv,58c1b39529084e0c78114c38ff9308d0df83610313bcf861a824f78c720c74b8,5851
Supplementary_information/source_data/G16_R2_horizon_inflation.csv,93f1ef618266becb54489ca336df8beaa08076f24e2953388db79c61f9596c21,4556
Supplementary_information/source_data/G16_R2_host_lifetime_screen.csv,85d1e516917155e4ac39ae602792f8a15b1a6e1665fb4704dda6dc5686282cb2,3553
Supplementary_information/source_data/G16_R2_minimum_build_size.csv,ace5f9b479173bb30774c0f628d2bc2f7f72ca873b1cfb8c83469d1959dfa4dc,522
Supplementary_information/source_data/G16_R2_project_record_identity_audit.csv,0e03ce319e9d3e11bbf67bfc113b66a0363ff44042d037199b4ec310940f2a79,788
Supplementary_information/source_data/G16_R2_water_requirement.csv,aaef40faf206a0d777a8da28fbfcb8e8f9833c6f5e1934818e8010855c32933c,3412
Supplementary_information/source_data/G16_R3_horizon_overhaul_degradation.csv,52a7029cedf2d00cbbede7ba831769027c780308ff5bcd4be955cdf05931865c,4703
Supplementary_information/source_data/G16_R4_actual_weather_capacity_flexibility.csv,cf6e11589df6f70cb9a3eae241cf84a549cbaa85044f8dfa666f7ff2ecdb68bc,4937
Supplementary_information/source_data/headline_results.json,abf6e297f94f3364324772b57f810f7042164e290205e3577fc78e3355832f69,17206
Supplementary_information/source_data/hourly_input_hashes.csv,4a140b38077ea1710690b148091a6afb130fae963f4b99af8a6a4f53aa58201d,3758
Supplementary_information/source_data/hourly_input_provenance.csv,523ddcf3e9cac761afb10fc4b7e6dc0ef5e21fe67943e755332c7e766d0815a0,2429
Supplementary_information/source_data/IEA_China_electrolysis_status_summary.csv,221f3bf07e62613fc33411f7bb80c02b2b8ce3fec8f729ae943c31ffc915ebe8,214
Supplementary_information/source_data/joint_uncertainty_convergence.csv,b5ea0fba42807f8506166ba786adaffd0ded5b6838d937ad9bf0d3dc4acb24ff,1677
Supplementary_information/source_data/joint_uncertainty_draws.csv,8f88c5a27a07ea55b726ecbc9c04c9d201cb57689dba2928367620f937dc9def,5091645
Supplementary_information/source_data/joint_uncertainty_priors.json,ff7782e589b3a36b429ccf2bab373abd589d0012c2f2dd143448edeafd2a7323,2047
Supplementary_information/source_data/joint_uncertainty_record_probabilities.csv,748e5f7c847981c9a5776cc1f2c1ed6191865e772a61237f5da931060a49b9b9,307841
Supplementary_information/source_data/joint_uncertainty_summary.csv,6fe43c52c772631ee677a628a6c97f5b9232599343911bf2a30e1fb54be8a51e,990
Supplementary_information/source_data/learning_paths_2026_2060.csv,8788f64bd84c903c1d7974e0701920d79c0e4b47e7972d80701ab173b7c0fb97,97387
Supplementary_information/source_data/M129_capacity_grid_convergence.csv,edc1eebfccc288d143713fe0299d74e87bebf50264455b7beb7e8b0a869c7d0d,1403
Supplementary_information/source_data/M129_engineering_boundary_continuous_summary.json,890d3e983231ab62e2c4d296495a3ba7d98d1c3228505006c6327358fce3d968,1359
Supplementary_information/source_data/M129_horizon_full_chain.csv,3c8cb33877b5f04ba2d2f9c6cae69e922e5aaf34cbe159cfd8a4cbc6e9fda44a,1369
Supplementary_information/source_data/M129_host_asset_continuity_screen.csv,787eb37b036dfbe139bacc1ba17bf6f8f0f2e87f0fc36fe8846506fed585c2c2,927
Supplementary_information/source_data/M129_hourly_proxy_full_chain_summary.csv,cb8627587796b2ac7fc550d1a1339c49ce935a3463e4d7ed919be0996b654f52,1978
Supplementary_information/source_data/M129_project_record_identity_audit.csv,5251f89f34bcbc2d015aa7541650b50745d0f503383fb0cbd8f1418f02d3e248,872
Supplementary_information/source_data/M129_province_exposure.csv,72e8b418131835567db37868edf5bd3d37e4389aa50652124ce8568f8cc04af8,3482
Supplementary_information/source_data/M129_station_entry_results.csv,3be90527a79ad0814da747b8a9b2497461acaa46b08393befa555b98c9ca6b61,1314377
Supplementary_information/source_data/monthly_utilization_validation_metrics.json,b8e9c1efcc438f8f79b3711be0936807800bcf2e69115ac12759df9301d7f490,4138
Supplementary_information/source_data/monthly_utilization_validation_selected_2025.csv,d412549fe9504090743da003756f3dff69883a38aff31378371ccd51aefaa74e,15399
Supplementary_information/source_data/parameter_provenance_registry.csv,f68e1078405d6e3d8f66469e3443daf1b530901be71315a6560482059a330b4b,9111
Supplementary_information/source_data/PEM_M129_incumbent_learning_upper_bound.csv,e3d27cdb9b67666c917f17d4e7929c477bf2579d5eccae5227a7073ec50518ab,455
Supplementary_information/source_data/PEM_M129_static_entry.csv,186afda425899e58960a2c74ff0be4e952c7f295f3d3a6811f8335f581fd57a5,772
Supplementary_information/source_data/provincial_utilization_2021_2025_harmonized.csv,654952681f344e5b72c5b6abcff6a1e38e2b2a59885d463ef045de4e2c960c05,3936
Supplementary_information/source_data/provincial_water_price_input.csv,013d8f9daa4c2193bb54e9cd80affdbdff7729e2b8d10a8367c9babf04cdd327,2311
Supplementary_information/source_data/R1_capture_frontier_verified.csv,c8ce788906e78d46d8d986797648324cbd6eba4ef5c08e493ddcbda5a01d945a,2969
Supplementary_information/source_data/R2_continuous_hurdle_frontier_dense128.csv,e37529e36600b49383b1fa8dd3e597cb816d269d5b4b1c92d696715d5cfcf443,3925
Supplementary_information/source_data/R2_entry_price_sensitivity_dense128.csv,e90f7fb83f4e75e1606f1b6f899a6bb7dd69b5de7b67d3912a1798c50f5528d4,252
Supplementary_information/source_data/R2_entry_summary_by_era5_weather_year.csv,4116857f63b355cb19e7713f5c8d03766a0f86da90de5167efe394b0d8d5eb71,1594
Supplementary_information/source_data/R2_FID_expectation_matrix_M129_30y.csv,dab09d3596f17d9f24a1382490b7594d523ac21c6f917d2247d98fe7a52e3362,1948
Supplementary_information/source_data/R2_hurdle_expectation_surface_M129_30y.csv,24c5fe510bb0a18ffc389eda4e2ffc776e0b0121585ad738ccb101c76647c3b0,7143
Supplementary_information/source_data/R2_R3_expectation_realization_matrix_M129_30y.csv,2d5d77b4a070f5ea0e0553333aa6d5596a3f0a0222793c6d15f30b330644feb1,1194
Supplementary_information/source_data/R2_R3_return_ladder_learning_M129_30y.csv,08de07c4e83cbbc3267c7a8b9b5ee5598a35c5b269ba7ecf48ddb6aa58a8fffd,1233
Supplementary_information/source_data/R2_R3_return_ladder_surface_M129_30y.csv,5ec7d771f4a63a220dd04b36726a47263658d9f368edf0cb3cd005ec7a18155a,7574
Supplementary_information/source_data/R3_component_incidence_path_M129.csv,22bcd67df60c3a10c7d34ad24c22f056ed6d0b9acb4306a759d91b7338606094,187149
Supplementary_information/source_data/R3_critical_nonstack_transfer_share_M129.csv,98bf3f378680be8bf73831643f5bdb85ae8dd3a8bc37eff5e0123dbae806f6d8,9028
Supplementary_information/source_data/R3_critical_stack_learning_rate_M129.csv,65feea3509c3b5c65bcbc0d09c0e8c643426a00eee3169302d46c59a879974d2,143227
Supplementary_information/source_data/R3_critical_terminal_price_dense128.csv,df3208651cbe0e741af2ea43bb56d4a735c108533379f7db679b849bdffce7df,33044
Supplementary_information/source_data/R3_incidence_joint_boundary_M129.csv,48c313c16a79c4bc5b9a7a937ce6391554dfa4f7f9ccecda770c066c956350e6,87593
Supplementary_information/source_data/R3_incumbent_access_price_passthrough_M129.csv,802447f0f74b5847e89dccaced83e86372a874d072e8cb2f7c0175da160b22c7,2209
Supplementary_information/source_data/R3_learning_flip_boundary_dense128.csv,9ee7652f87ad964158641120cad6527f8c91676e7cd20319111acb716c213c76,20221
Supplementary_information/source_data/R3_learning_gain_vs_gap_dense128.csv,811547c2847efc2d39b122381968cd87fd4c2d5e734158be4afc560157c56cd0,56025
Supplementary_information/source_data/R3_learning_incidence_boundary_headline_M129.json,241f477e5e22d5e189f6c1abf6127667eb3f0fe75e37d12d839a9f7aa4beccdc,1353
Supplementary_information/source_data/R3_learning_intensity_curve_dense128.csv,491bd83e903a77a967dd9a3460352b6012f3f549cc2db2545d24ca2ec2ffc00e,5639
Supplementary_information/source_data/R3_mechanism_by_era5_weather_year.csv,5cd743209fb4f4781f3fe5122eac93559b0c3fefd35a89c5e8cc54c680d54344,1841
Supplementary_information/source_data/R3_mechanism_counterfactual_dense128.json,7f8e492d03df178d708c32d3d95b767108ad772e6d57b65018b3dc66f0f4f838,1656
Supplementary_information/source_data/R3_nonstack_transfer_price_passthrough_M129.csv,5e28ebc20fffcdb7e152ae273f109eb7575905a2a54a9e1c907dbc2f6314af6f,49540
Supplementary_information/source_data/R3_operating_hours_replacement_diagnostic_dense128.csv,18d24b673b5b6d7746b80443a06b2b5de5769bdba43998608fe325b6520a703b,105050
Supplementary_information/source_data/R3_price_passthrough_weight_sensitivity_M129.csv,da0ebfaadb9972c2cdb9805ebc7e9e8c495be9bff7b6ea24979bf8f4462a9bf5,6029
Supplementary_information/source_data/R3_price_path_summary_dense128.csv,8bb0b80a55f4b5cae5ba1e78ad5c01e1dd4adcb49e553f881897301743af6add,888
Supplementary_information/source_data/R3_replacement_cadence_dense128.csv,4da8d995e41f6b4dd4bbf11498fbcc658a5cb60051343056d4044cf325137d65,769
Supplementary_information/source_data/R3_stack_learning_rate_cadence_surface_M129.csv,ef8b052b97f7fc746552b8bca747069ccc30914b9e769178acbe65683e685a6c,42564
Supplementary_information/source_data/R3_stack_scope_learning_sensitivity_M129.csv,50f6c10f35fac37b2015b003072fcdbd2def6e4375eca504129d5b4d0910bd62,1352
Supplementary_information/source_data/R4_capacity_flexibility_dense128.csv,4e64859921f10dc9c0c0474e82139fce33722aa1a02c8a01ae504ca5457555ed,1999
Supplementary_information/source_data/R4_durability_frontier_dense128.csv,589a4d7c7538294f59f1b13cc8ac37b4ff482f8bc7ea1070c8e09ab832c4a5e9,39636
Supplementary_information/source_data/R4_support_requirements_dense128.csv,33c8fff9f730c0a37b63aa2afb107f049856a612d2ffdcb7735461b2ae9b54f1,146220
Supplementary_information/source_data/README.md,35c44e9dd739c853a2023bc85e4b9ff7ded5deec93a916c9220b1ee0693281e6,7551
Supplementary_information/source_data/S11_hourly_proxy_full_chain_summary_dense128.csv,aeb4d3d779aeb22f3346558fc40c54a0696a7cdb9eb5ae3afdf7b188c5a4a0d2,1965
Supplementary_information/source_data/S12_horizon_full_chain_dense128.csv,655b97c20c5fef5fc35414f29d105b5728863783d160642d93600a49bec836e0,1369
Supplementary_information/source_data/S20_spatial_allocation_partial_identification.csv,4d3ceb44d12530718ff9b90b27062bb3752e62c7f622fde66fd7315bc086b5f0,946
Supplementary_information/source_data/S20_station_spatial_allocation_rates.csv,f54bb61db6fdcc026d06067c604533bf0aa1751eb17090a6cb26dbe35013128d,341334
Supplementary_information/source_data/S21_learning_start_anchor_sensitivity.csv,449b9c865696cc11ad0a0721f46dafc4f153a59017dc851ccbd819d45a522665,1039
Supplementary_information/source_data/S21_learning_start_anchor_sensitivity_M129.csv,dca27e6175606984e717a5726ab696a9f7a4c1614691c0b9ad6ddb95259d5efc,885
Supplementary_information/source_data/S21_learning_start_anchor_sources.csv,9ae95238d90b6cdd0628a214992a7a8def215fc97349b0c53bc57717288d908b,343
Supplementary_information/source_data/S22_resource_persistence_paths.csv,85275ab96b89079dc1e8cf3410ad014ab955e4951b82e37589642f4f01fdd67f,2045
Supplementary_information/source_data/S22_resource_persistence_paths_M129.csv,224f66547b39058710bd300b009ce9b671cae5ff6056a2c5d86d6ee9f9931a38,2141
Supplementary_information/source_data/S23_minimum_load_mechanism_audit.csv,ee62b70383d42a84bec00c90eed3ca48abeb1d82ca4e1dcf060e725e12ea75e3,1770
Supplementary_information/source_data/S24_construction_residual_sensitivity_M129.csv,b629cd2c1f0f0f71cd1a62b823e18dcb34ea28a6a4b90d8c9bf3021e83c595a4,2168
Supplementary_information/source_data/S24_electrical_buffer_sensitivity_M129.csv,04ed82fbf3c9dea1a46bb1d2cd523405a666dfd5e854c69a80275de09176e858,78474
Supplementary_information/source_data/S24_transport_netback_sensitivity_M129.csv,1638f5e38d9f8ccd03e8036babc0045ba588de8c895b4fd631ae064a7223967b,608
Supplementary_information/source_data/S27_R4_minimum_build_size_sensitivity_M129.csv,bc6f501f3189ab6f1807cbff0b2871e59b9b7b0c641817411e11464f209c774e,5038
Supplementary_information/source_data/spatial_demand_overlap_by_province.csv,aa4062116671c39a1a517ff383f45c4b96b922d0ebbfac5e05541a942b682b5a,5251
Supplementary_information/source_data/spatial_transport_netback_reoptimization_M129.csv,6c691a982cb23220d0eeebee65e6a557054b1b41aa7c497a998de474eb651060,406
Supplementary_information/source_data/spatial_water_exposure_by_province.csv,504955f07080b21721bdeb370d2fd0f7cdb9791b87833795234a8ccb69647fc9,8451
Supplementary_information/source_data/station_inventory_coverage_benchmark.csv,38d2add8567220c62c32b2742fcc95ed3ce4835736473df210a2b8934ef796bf,2882
Supplementary_information/source_data/timestamp_timezone_diagnostic.csv,dbfb5b89c16e8461ac22f813026612feb16f946aa3ae479a01404735cc3e18f9,678
Supplementary_information/supplementary_information.tex,b2d2206adca59f7682d36ad889840d061273a2ea8565c42d6855bb7d78f8b77c,133572
Supplementary_information/supplementary_information_nature_article.pdf,de79a0b17a278382dc40d213f705958b1770961161d49f7a3fa3ad0eb8c7525f,506262
Supplementary_information/supplementary_information_nature_article.tex,91b29922490d8d2d044e6c1807bfd8cbd54e890fc61425871bc22807074d378c,133302
verify_package_manifest.py,f21db3e46e5f1cb4db92cfc1869e7966d2ce809d2cbeac56df5a00265e5d3649,1126
