weather_year,province,low_return_entry_count,strict_marginal_count,strict_marginal_capacity_gw,strict_marginal_h2_mt_per_year,low_entry_min,low_entry_median,low_entry_max,strict_min,strict_median,strict_max,strict_capacity_gw_min,strict_capacity_gw_max,strict_h2_mt_min,strict_h2_mt_max
2020,上海,0,0,0.0,0.0,0,0.0,0,0,0.0,0,0.0,0.0,0.0,0.0
2020,云南,6,6,0.014980487013374672,0.0004469814725665951,0,3.5,13,0,3.5,13,0.0,0.030946222516161297,0.0,0.0009123228779773685
2020,内蒙古,496,63,0.14663767947648562,0.004421317018469183,486,500.5,505,29,42.5,63,0.07074402222487562,0.14663767947648562,0.002157044660473353,0.004421317018469183
2020,北京,0,0,0.0,0.0,0,0.0,4,0,0.0,4,0.0,0.008470775884025448,0.0,0.00023878562948387847
2020,吉林,121,1,0.0010501510149906353,3.579482937685116e-05,121,121.0,121,1,1.5,2,0.0010501510149906353,0.002450427841509769,3.4484252558303004e-05,8.11001594364625e-05
2020,四川,0,0,0.0,0.0,0,0.0,0,0,0.0,0,0.0,0.0,0.0,0.0
2020,天津,0,0,0.0,0.0,0,0.0,0,0,0.0,0,0.0,0.0,0.0,0.0
2020,宁夏,0,0,0.0,0.0,0,11.0,27,0,11.0,27,0.0,0.03747385118555162,0.0,0.001064370731648817
2020,安徽,0,0,0.0,0.0,0,0.0,0,0,0.0,0,0.0,0.0,0.0,0.0
2020,山东,15,15,0.02116873369259747,0.0006649320978099052,15,98.0,162,15,91.0,151,0.02116873369259747,0.20718643201747564,0.0006649320978099052,0.005986880857772836
2020,山西,62,61,0.10579028210910757,0.003149024511472954,50,95.5,167,48,74.0,93,0.08048941924348048,0.19077834750586273,0.002369287827252001,0.0057121635809281755
2020,广东,0,0,0.0,0.0,0,0.0,0,0,0.0,0,0.0,0.0,0.0,0.0
2020,广西,3,3,0.00473611997996419,0.00013294836354445783,0,0.0,3,0,0.0,3,0.0,0.00473611997996419,0.0,0.00013294836354445783
2020,新疆,566,478,1.1519108000237825,0.035659949019571466,550,560.5,573,443,460.0,478,1.0377505846890343,1.179811033415984,0.032056471733686746,0.03638716045563033
2020,江苏,0,0,0.0,0.0,0,0.0,0,0,0.0,0,0.0,0.0,0.0,0.0
2020,江西,0,0,0.0,0.0,0,0.0,0,0,0.0,0,0.0,0.0,0.0,0.0
2020,河北,236,32,0.058291496755092743,0.0017197803433955114,231,241.5,255,27,37.0,44,0.05533624385145575,0.09625685741705992,0.0016796772912919175,0.0029196753524431732
2020,河南,1,0,0.0,0.0,1,9.5,19,0,8.5,18,0.0,0.024741256816101592,0.0,0.0006968645342109532
2020,浙江,0,0,0.0,0.0,0,0.0,0,0,0.0,0,0.0,0.0,0.0,0.0
2020,海南,2,2,0.002293631549044851,7.064962316230433e-05,1,1.5,2,1,1.5,2,0.001070005411943451,0.002428487717051305,3.0280794887645968e-05,7.640353572599015e-05
2020,湖北,0,0,0.0,0.0,0,0.0,0,0,0.0,0,0.0,0.0,0.0,0.0
2020,湖南,0,0,0.0,0.0,0,0.0,2,0,0.0,2,0.0,0.0024779096823910243,0.0,6.83018794817893e-05
2020,甘肃,259,237,0.5931664705223295,0.017072184347771427,239,253.0,263,216,226.0,237,0.4868529117015945,0.6131063233046181,0.013986178993089994,0.017592323892039165
2020,福建,0,0,0.0,0.0,0,0.0,0,0,0.0,0,0.0,0.0,0.0,0.0
2020,西藏,81,2,0.002505828044324713,7.392469976021755e-05,80,80.5,81,1,1.5,2,0.0010993669393013204,0.002505828044324713,3.4606352819080037e-05,7.392469976021755e-05
2020,贵州,0,0,0.0,0.0,0,0.0,0,0,0.0,0,0.0,0.0,0.0,0.0
2020,辽宁,169,4,0.0049119421962875226,0.0001546244396426152,168,170.0,172,4,6.0,9,0.0049119421962875226,0.014590777934723777,0.0001546244396426152,0.00047383007936873935
2020,重庆,0,0,0.0,0.0,0,0.0,0,0,0.0,0,0.0,0.0,0.0,0.0
2020,陕西,8,8,0.012010337366828572,0.0003339583489313473,8,84.0,112,8,84.0,112,0.012010337366828572,0.15243428646524815,0.0003339583489313473,0.004600097453217204
2020,青海,198,128,0.26785250948970785,0.008257001027215365,196,204.0,212,112,115.5,128,0.14728558221936272,0.26785250948970785,0.004701703136913552,0.008257001027215365
2020,黑龙江,92,40,0.06369960541206955,0.0020130719231357917,82,90.0,101,40,52.0,78,0.06346867430746032,0.13582461898862871,0.0020130719231357917,0.004240182549261972
2021,上海,0,0,0.0,0.0,0,0.0,0,0,0.0,0,0.0,0.0,0.0,0.0
2021,云南,1,1,0.002514586252020819,7.055230747842465e-05,0,3.5,13,0,3.5,13,0.0,0.030946222516161297,0.0,0.0009123228779773685
2021,内蒙古,505,31,0.08049893228549226,0.0024456648466727434,486,500.5,505,29,42.5,63,0.07074402222487562,0.14663767947648562,0.002157044660473353,0.004421317018469183
2021,北京,4,4,0.005218215096129292,0.00014880179545881478,0,0.0,4,0,0.0,4,0.0,0.008470775884025448,0.0,0.00023878562948387847
2021,吉林,121,1,0.0010774862855504675,3.5795732723210596e-05,121,121.0,121,1,1.5,2,0.0010501510149906353,0.002450427841509769,3.4484252558303004e-05,8.11001594364625e-05
2021,四川,0,0,0.0,0.0,0,0.0,0,0,0.0,0,0.0,0.0,0.0,0.0
2021,天津,0,0,0.0,0.0,0,0.0,0,0,0.0,0,0.0,0.0,0.0,0.0
2021,宁夏,27,27,0.036320140212540236,0.001043941042555422,0,11.0,27,0,11.0,27,0.0,0.03747385118555162,0.0,0.001064370731648817
2021,安徽,0,0,0.0,0.0,0,0.0,0,0,0.0,0,0.0,0.0,0.0,0.0
2021,山东,109,104,0.13173796357521586,0.0037841914457322906,15,98.0,162,15,91.0,151,0.02116873369259747,0.20718643201747564,0.0006649320978099052,0.005986880857772836
2021,山西,167,93,0.18657540364472466,0.005696704868552102,50,95.5,167,48,74.0,93,0.08048941924348048,0.19077834750586273,0.002369287827252001,0.0057121635809281755
2021,广东,0,0,0.0,0.0,0,0.0,0,0,0.0,0,0.0,0.0,0.0,0.0
2021,广西,0,0,0.0,0.0,0,0.0,3,0,0.0,3,0.0,0.00473611997996419,0.0,0.00013294836354445783
2021,新疆,573,476,1.1609201793118413,0.03584020855474751,550,560.5,573,443,460.0,478,1.0377505846890343,1.179811033415984,0.032056471733686746,0.03638716045563033
2021,江苏,0,0,0.0,0.0,0,0.0,0,0,0.0,0,0.0,0.0,0.0,0.0
2021,江西,0,0,0.0,0.0,0,0.0,0,0,0.0,0,0.0,0.0,0.0,0.0
2021,河北,255,44,0.09625685741705992,0.0029196753524431732,231,241.5,255,27,37.0,44,0.05533624385145575,0.09625685741705992,0.0016796772912919175,0.0029196753524431732
2021,河南,19,18,0.024741256816101592,0.0006968645342109532,1,9.5,19,0,8.5,18,0.0,0.024741256816101592,0.0,0.0006968645342109532
2021,浙江,0,0,0.0,0.0,0,0.0,0,0,0.0,0,0.0,0.0,0.0,0.0
2021,海南,1,1,0.0011292773853816065,3.12665829130778e-05,1,1.5,2,1,1.5,2,0.001070005411943451,0.002428487717051305,3.0280794887645968e-05,7.640353572599015e-05
2021,湖北,0,0,0.0,0.0,0,0.0,0,0,0.0,0,0.0,0.0,0.0,0.0
2021,湖南,0,0,0.0,0.0,0,0.0,2,0,0.0,2,0.0,0.0024779096823910243,0.0,6.83018794817893e-05
2021,甘肃,248,222,0.5461115859704867,0.015715986493674776,239,253.0,263,216,226.0,237,0.4868529117015945,0.6131063233046181,0.013986178993089994,0.017592323892039165
2021,福建,0,0,0.0,0.0,0,0.0,0,0,0.0,0,0.0,0.0,0.0,0.0
2021,西藏,81,2,0.0024786783189554547,7.133805616070287e-05,80,80.5,81,1,1.5,2,0.0010993669393013204,0.002505828044324713,3.4606352819080037e-05,7.392469976021755e-05
2021,贵州,0,0,0.0,0.0,0,0.0,0,0,0.0,0,0.0,0.0,0.0,0.0
2021,辽宁,170,6,0.008027935767124104,0.00025857128691818883,168,170.0,172,4,6.0,9,0.0049119421962875226,0.014590777934723777,0.0001546244396426152,0.00047383007936873935
2021,重庆,0,0,0.0,0.0,0,0.0,0,0,0.0,0,0.0,0.0,0.0,0.0
2021,陕西,108,108,0.14519957024434957,0.004368000068790427,8,84.0,112,8,84.0,112,0.012010337366828572,0.15243428646524815,0.0003339583489313473,0.004600097453217204
2021,青海,205,117,0.15402849883064884,0.004915604941477994,196,204.0,212,112,115.5,128,0.14728558221936272,0.26785250948970785,0.004701703136913552,0.008257001027215365
2021,黑龙江,88,52,0.08295016971121319,0.0026182353405493,82,90.0,101,40,52.0,78,0.06346867430746032,0.13582461898862871,0.0020130719231357917,0.004240182549261972
2022,上海,0,0,0.0,0.0,0,0.0,0,0,0.0,0,0.0,0.0,0.0,0.0
2022,云南,0,0,0.0,0.0,0,3.5,13,0,3.5,13,0.0,0.030946222516161297,0.0,0.0009123228779773685
2022,内蒙古,502,57,0.11706084540866266,0.003557512246129645,486,500.5,505,29,42.5,63,0.07074402222487562,0.14663767947648562,0.002157044660473353,0.004421317018469183
2022,北京,0,0,0.0,0.0,0,0.0,4,0,0.0,4,0.0,0.008470775884025448,0.0,0.00023878562948387847
2022,吉林,121,2,0.002303792469428799,7.729559518831027e-05,121,121.0,121,1,1.5,2,0.0010501510149906353,0.002450427841509769,3.4484252558303004e-05,8.11001594364625e-05
2022,四川,0,0,0.0,0.0,0,0.0,0,0,0.0,0,0.0,0.0,0.0,0.0
2022,天津,0,0,0.0,0.0,0,0.0,0,0,0.0,0,0.0,0.0,0.0,0.0
2022,宁夏,0,0,0.0,0.0,0,11.0,27,0,11.0,27,0.0,0.03747385118555162,0.0,0.001064370731648817
2022,安徽,0,0,0.0,0.0,0,0.0,0,0,0.0,0,0.0,0.0,0.0,0.0
2022,山东,47,40,0.05173268774176907,0.0014972437070822676,15,98.0,162,15,91.0,151,0.02116873369259747,0.20718643201747564,0.0006649320978099052,0.005986880857772836
2022,山西,64,63,0.12199731555004438,0.0036983381241193374,50,95.5,167,48,74.0,93,0.08048941924348048,0.19077834750586273,0.002369287827252001,0.0057121635809281755
2022,广东,0,0,0.0,0.0,0,0.0,0,0,0.0,0,0.0,0.0,0.0,0.0
2022,广西,0,0,0.0,0.0,0,0.0,3,0,0.0,3,0.0,0.00473611997996419,0.0,0.00013294836354445783
2022,新疆,554,461,1.0626699208700001,0.032663101363059506,550,560.5,573,443,460.0,478,1.0377505846890343,1.179811033415984,0.032056471733686746,0.03638716045563033
2022,江苏,0,0,0.0,0.0,0,0.0,0,0,0.0,0,0.0,0.0,0.0,0.0
2022,江西,0,0,0.0,0.0,0,0.0,0,0,0.0,0,0.0,0.0,0.0,0.0
2022,河北,231,27,0.05533624385145575,0.0016796772912919175,231,241.5,255,27,37.0,44,0.05533624385145575,0.09625685741705992,0.0016796772912919175,0.0029196753524431732
2022,河南,2,1,0.0014404597636973537,3.9735194669938845e-05,1,9.5,19,0,8.5,18,0.0,0.024741256816101592,0.0,0.0006968645342109532
2022,浙江,0,0,0.0,0.0,0,0.0,0,0,0.0,0,0.0,0.0,0.0,0.0
2022,海南,1,1,0.0010883750803057648,3.0280794887645968e-05,1,1.5,2,1,1.5,2,0.001070005411943451,0.002428487717051305,3.0280794887645968e-05,7.640353572599015e-05
2022,湖北,0,0,0.0,0.0,0,0.0,0,0,0.0,0,0.0,0.0,0.0,0.0
2022,湖南,0,0,0.0,0.0,0,0.0,2,0,0.0,2,0.0,0.0024779096823910243,0.0,6.83018794817893e-05
2022,甘肃,239,221,0.5396989078007114,0.015498432701744329,239,253.0,263,216,226.0,237,0.4868529117015945,0.6131063233046181,0.013986178993089994,0.017592323892039165
2022,福建,0,0,0.0,0.0,0,0.0,0,0,0.0,0,0.0,0.0,0.0,0.0
2022,西藏,80,1,0.001105375948915713,3.487130084608543e-05,80,80.5,81,1,1.5,2,0.0010993669393013204,0.002505828044324713,3.4606352819080037e-05,7.392469976021755e-05
2022,贵州,0,0,0.0,0.0,0,0.0,0,0,0.0,0,0.0,0.0,0.0,0.0
2022,辽宁,170,7,0.010240807905239041,0.00033078744809410775,168,170.0,172,4,6.0,9,0.0049119421962875226,0.014590777934723777,0.0001546244396426152,0.00047383007936873935
2022,重庆,0,0,0.0,0.0,0,0.0,0,0,0.0,0,0.0,0.0,0.0,0.0
2022,陕西,42,42,0.05339588451989827,0.0014900333615438576,8,84.0,112,8,84.0,112,0.012010337366828572,0.15243428646524815,0.0003339583489313473,0.004600097453217204
2022,青海,212,121,0.16358076719920284,0.005198181017639533,196,204.0,212,112,115.5,128,0.14728558221936272,0.26785250948970785,0.004701703136913552,0.008257001027215365
2022,黑龙江,101,42,0.06346867430746032,0.0020197005574493798,82,90.0,101,40,52.0,78,0.06346867430746032,0.13582461898862871,0.0020130719231357917,0.004240182549261972
2023,上海,0,0,0.0,0.0,0,0.0,0,0,0.0,0,0.0,0.0,0.0,0.0
2023,云南,8,7,0.02186962624310855,0.0006408240326310418,0,3.5,13,0,3.5,13,0.0,0.030946222516161297,0.0,0.0009123228779773685
2023,内蒙古,500,32,0.07074402222487562,0.002157044660473353,486,500.5,505,29,42.5,63,0.07074402222487562,0.14663767947648562,0.002157044660473353,0.004421317018469183
2023,北京,0,0,0.0,0.0,0,0.0,4,0,0.0,4,0.0,0.008470775884025448,0.0,0.00023878562948387847
2023,吉林,121,1,0.0011001510920805528,3.4484252558303004e-05,121,121.0,121,1,1.5,2,0.0010501510149906353,0.002450427841509769,3.4484252558303004e-05,8.11001594364625e-05
2023,四川,0,0,0.0,0.0,0,0.0,0,0,0.0,0,0.0,0.0,0.0,0.0
2023,天津,0,0,0.0,0.0,0,0.0,0,0,0.0,0,0.0,0.0,0.0,0.0
2023,宁夏,22,22,0.02645379431493098,0.0007458954801774184,0,11.0,27,0,11.0,27,0.0,0.03747385118555162,0.0,0.001064370731648817
2023,安徽,0,0,0.0,0.0,0,0.0,0,0,0.0,0,0.0,0.0,0.0,0.0
2023,山东,162,151,0.20718643201747564,0.005986880857772836,15,98.0,162,15,91.0,151,0.02116873369259747,0.20718643201747564,0.0006649320978099052,0.005986880857772836
2023,山西,127,85,0.1817774254915266,0.005439064962709291,50,95.5,167,48,74.0,93,0.08048941924348048,0.19077834750586273,0.002369287827252001,0.0057121635809281755
2023,广东,0,0,0.0,0.0,0,0.0,0,0,0.0,0,0.0,0.0,0.0,0.0
2023,广西,0,0,0.0,0.0,0,0.0,3,0,0.0,3,0.0,0.00473611997996419,0.0,0.00013294836354445783
2023,新疆,557,458,1.0377505846890343,0.032056471733686746,550,560.5,573,443,460.0,478,1.0377505846890343,1.179811033415984,0.032056471733686746,0.03638716045563033
2023,江苏,0,0,0.0,0.0,0,0.0,0,0,0.0,0,0.0,0.0,0.0,0.0
2023,江西,0,0,0.0,0.0,0,0.0,0,0,0.0,0,0.0,0.0,0.0,0.0
2023,河北,247,36,0.07088443552098614,0.0021495316922026104,231,241.5,255,27,37.0,44,0.05533624385145575,0.09625685741705992,0.0016796772912919175,0.0029196753524431732
2023,河南,13,12,0.017088238021994294,0.0004807424387762262,1,9.5,19,0,8.5,18,0.0,0.024741256816101592,0.0,0.0006968645342109532
2023,浙江,0,0,0.0,0.0,0,0.0,0,0,0.0,0,0.0,0.0,0.0,0.0
2023,海南,1,1,0.001070005411943451,3.210219940343421e-05,1,1.5,2,1,1.5,2,0.001070005411943451,0.002428487717051305,3.0280794887645968e-05,7.640353572599015e-05
2023,湖北,0,0,0.0,0.0,0,0.0,0,0,0.0,0,0.0,0.0,0.0,0.0
2023,湖南,0,0,0.0,0.0,0,0.0,2,0,0.0,2,0.0,0.0024779096823910243,0.0,6.83018794817893e-05
2023,甘肃,263,235,0.6131063233046181,0.017592323892039165,239,253.0,263,216,226.0,237,0.4868529117015945,0.6131063233046181,0.013986178993089994,0.017592323892039165
2023,福建,0,0,0.0,0.0,0,0.0,0,0,0.0,0,0.0,0.0,0.0,0.0
2023,西藏,81,2,0.0024452187940866652,7.234302102255166e-05,80,80.5,81,1,1.5,2,0.0010993669393013204,0.002505828044324713,3.4606352819080037e-05,7.392469976021755e-05
2023,贵州,0,0,0.0,0.0,0,0.0,0,0,0.0,0,0.0,0.0,0.0,0.0
2023,辽宁,171,5,0.006825306969179333,0.0002184613138309014,168,170.0,172,4,6.0,9,0.0049119421962875226,0.014590777934723777,0.0001546244396426152,0.00047383007936873935
2023,重庆,0,0,0.0,0.0,0,0.0,0,0,0.0,0,0.0,0.0,0.0,0.0
2023,陕西,101,101,0.14016571990520213,0.004062822666759784,8,84.0,112,8,84.0,112,0.012010337366828572,0.15243428646524815,0.0003339583489313473,0.004600097453217204
2023,青海,203,113,0.15490922824500444,0.004935825994466919,196,204.0,212,112,115.5,128,0.14728558221936272,0.26785250948970785,0.004701703136913552,0.008257001027215365
2023,黑龙江,91,60,0.10713941493031022,0.003442748884908963,82,90.0,101,40,52.0,78,0.06346867430746032,0.13582461898862871,0.0020130719231357917,0.004240182549261972
2024,上海,0,0,0.0,0.0,0,0.0,0,0,0.0,0,0.0,0.0,0.0,0.0
2024,云南,13,13,0.030946222516161297,0.0009123228779773685,0,3.5,13,0,3.5,13,0.0,0.030946222516161297,0.0,0.0009123228779773685
2024,内蒙古,486,53,0.10072706883083199,0.0031670811678011592,486,500.5,505,29,42.5,63,0.07074402222487562,0.14663767947648562,0.002157044660473353,0.004421317018469183
2024,北京,0,0,0.0,0.0,0,0.0,4,0,0.0,4,0.0,0.008470775884025448,0.0,0.00023878562948387847
2024,吉林,121,2,0.002450427841509769,8.11001594364625e-05,121,121.0,121,1,1.5,2,0.0010501510149906353,0.002450427841509769,3.4484252558303004e-05,8.11001594364625e-05
2024,四川,0,0,0.0,0.0,0,0.0,0,0,0.0,0,0.0,0.0,0.0,0.0
2024,天津,0,0,0.0,0.0,0,0.0,0,0,0.0,0,0.0,0.0,0.0,0.0
2024,宁夏,0,0,0.0,0.0,0,11.0,27,0,11.0,27,0.0,0.03747385118555162,0.0,0.001064370731648817
2024,安徽,0,0,0.0,0.0,0,0.0,0,0,0.0,0,0.0,0.0,0.0,0.0
2024,山东,97,88,0.10899780798143135,0.003112742356618496,15,98.0,162,15,91.0,151,0.02116873369259747,0.20718643201747564,0.0006649320978099052,0.005986880857772836
2024,山西,50,48,0.08048941924348048,0.002369287827252001,50,95.5,167,48,74.0,93,0.08048941924348048,0.19077834750586273,0.002369287827252001,0.0057121635809281755
2024,广东,0,0,0.0,0.0,0,0.0,0,0,0.0,0,0.0,0.0,0.0,0.0
2024,广西,0,0,0.0,0.0,0,0.0,3,0,0.0,3,0.0,0.00473611997996419,0.0,0.00013294836354445783
2024,新疆,550,459,1.179811033415984,0.03638716045563033,550,560.5,573,443,460.0,478,1.0377505846890343,1.179811033415984,0.032056471733686746,0.03638716045563033
2024,江苏,0,0,0.0,0.0,0,0.0,0,0,0.0,0,0.0,0.0,0.0,0.0
2024,江西,0,0,0.0,0.0,0,0.0,0,0,0.0,0,0.0,0.0,0.0,0.0
2024,河北,231,38,0.08812001210036381,0.00277127854262683,231,241.5,255,27,37.0,44,0.05533624385145575,0.09625685741705992,0.0016796772912919175,0.0029196753524431732
2024,河南,7,6,0.009743869215880548,0.00027360259812345914,1,9.5,19,0,8.5,18,0.0,0.024741256816101592,0.0,0.0006968645342109532
2024,浙江,0,0,0.0,0.0,0,0.0,0,0,0.0,0,0.0,0.0,0.0,0.0
2024,海南,2,2,0.002428487717051305,7.640353572599015e-05,1,1.5,2,1,1.5,2,0.001070005411943451,0.002428487717051305,3.0280794887645968e-05,7.640353572599015e-05
2024,湖北,0,0,0.0,0.0,0,0.0,0,0,0.0,0,0.0,0.0,0.0,0.0
2024,湖南,2,2,0.0024779096823910243,6.83018794817893e-05,0,0.0,2,0,0.0,2,0.0,0.0024779096823910243,0.0,6.83018794817893e-05
2024,甘肃,239,216,0.4868529117015945,0.013986178993089994,239,253.0,263,216,226.0,237,0.4868529117015945,0.6131063233046181,0.013986178993089994,0.017592323892039165
2024,福建,0,0,0.0,0.0,0,0.0,0,0,0.0,0,0.0,0.0,0.0,0.0
2024,西藏,80,1,0.0010993669393013204,3.4606352819080037e-05,80,80.5,81,1,1.5,2,0.0010993669393013204,0.002505828044324713,3.4606352819080037e-05,7.392469976021755e-05
2024,贵州,0,0,0.0,0.0,0,0.0,0,0,0.0,0,0.0,0.0,0.0,0.0
2024,辽宁,172,6,0.007625943645720103,0.00023937718638839534,168,170.0,172,4,6.0,9,0.0049119421962875226,0.014590777934723777,0.0001546244396426152,0.00047383007936873935
2024,重庆,0,0,0.0,0.0,0,0.0,0,0,0.0,0,0.0,0.0,0.0,0.0
2024,陕西,67,67,0.08253470242463283,0.0023202405638328145,8,84.0,112,8,84.0,112,0.012010337366828572,0.15243428646524815,0.0003339583489313473,0.004600097453217204
2024,青海,196,114,0.22852921566124476,0.007120255862321373,196,204.0,212,112,115.5,128,0.14728558221936272,0.26785250948970785,0.004701703136913552,0.008257001027215365
2024,黑龙江,89,52,0.09902109257343232,0.003134649279507211,82,90.0,101,40,52.0,78,0.06346867430746032,0.13582461898862871,0.0020130719231357917,0.004240182549261972
2025,上海,0,0,0.0,0.0,0,0.0,0,0,0.0,0,0.0,0.0,0.0,0.0
2025,云南,0,0,0.0,0.0,0,3.5,13,0,3.5,13,0.0,0.030946222516161297,0.0,0.0009123228779773685
2025,内蒙古,501,29,0.0777550371304501,0.002378710473398412,486,500.5,505,29,42.5,63,0.07074402222487562,0.14663767947648562,0.002157044660473353,0.004421317018469183
2025,北京,4,4,0.008470775884025448,0.00023878562948387847,0,0.0,4,0,0.0,4,0.0,0.008470775884025448,0.0,0.00023878562948387847
2025,吉林,121,2,0.002313423076581138,7.464775528823127e-05,121,121.0,121,1,1.5,2,0.0010501510149906353,0.002450427841509769,3.4484252558303004e-05,8.11001594364625e-05
2025,四川,0,0,0.0,0.0,0,0.0,0,0,0.0,0,0.0,0.0,0.0,0.0
2025,天津,0,0,0.0,0.0,0,0.0,0,0,0.0,0,0.0,0.0,0.0,0.0
2025,宁夏,27,27,0.03747385118555162,0.001064370731648817,0,11.0,27,0,11.0,27,0.0,0.03747385118555162,0.0,0.001064370731648817
2025,安徽,0,0,0.0,0.0,0,0.0,0,0,0.0,0,0.0,0.0,0.0,0.0
2025,山东,99,94,0.11388842219031861,0.0032864264613156878,15,98.0,162,15,91.0,151,0.02116873369259747,0.20718643201747564,0.0006649320978099052,0.005986880857772836
2025,山西,152,87,0.19077834750586273,0.0057121635809281755,50,95.5,167,48,74.0,93,0.08048941924348048,0.19077834750586273,0.002369287827252001,0.0057121635809281755
2025,广东,0,0,0.0,0.0,0,0.0,0,0,0.0,0,0.0,0.0,0.0,0.0
2025,广西,0,0,0.0,0.0,0,0.0,3,0,0.0,3,0.0,0.00473611997996419,0.0,0.00013294836354445783
2025,新疆,564,443,1.0441794483500089,0.03221796708809179,550,560.5,573,443,460.0,478,1.0377505846890343,1.179811033415984,0.032056471733686746,0.03638716045563033
2025,江苏,0,0,0.0,0.0,0,0.0,0,0,0.0,0,0.0,0.0,0.0,0.0
2025,江西,0,0,0.0,0.0,0,0.0,0,0,0.0,0,0.0,0.0,0.0,0.0
2025,河北,251,38,0.07738236259059066,0.002367250652960581,231,241.5,255,27,37.0,44,0.05533624385145575,0.09625685741705992,0.0016796772912919175,0.0029196753524431732
2025,河南,12,11,0.014917460502340012,0.00041592905987993255,1,9.5,19,0,8.5,18,0.0,0.024741256816101592,0.0,0.0006968645342109532
2025,浙江,0,0,0.0,0.0,0,0.0,0,0,0.0,0,0.0,0.0,0.0,0.0
2025,海南,2,2,0.0022034584605312214,6.589292559981382e-05,1,1.5,2,1,1.5,2,0.001070005411943451,0.002428487717051305,3.0280794887645968e-05,7.640353572599015e-05
2025,湖北,0,0,0.0,0.0,0,0.0,0,0,0.0,0,0.0,0.0,0.0,0.0
2025,湖南,0,0,0.0,0.0,0,0.0,2,0,0.0,2,0.0,0.0024779096823910243,0.0,6.83018794817893e-05
2025,甘肃,258,230,0.5177229227368716,0.014884049991863475,239,253.0,263,216,226.0,237,0.4868529117015945,0.6131063233046181,0.013986178993089994,0.017592323892039165
2025,福建,0,0,0.0,0.0,0,0.0,0,0,0.0,0,0.0,0.0,0.0,0.0
2025,西藏,80,1,0.001112168895528772,3.470536891433605e-05,80,80.5,81,1,1.5,2,0.0010993669393013204,0.002505828044324713,3.4606352819080037e-05,7.392469976021755e-05
2025,贵州,0,0,0.0,0.0,0,0.0,0,0,0.0,0,0.0,0.0,0.0,0.0
2025,辽宁,168,9,0.014590777934723777,0.00047383007936873935,168,170.0,172,4,6.0,9,0.0049119421962875226,0.014590777934723777,0.0001546244396426152,0.00047383007936873935
2025,重庆,0,0,0.0,0.0,0,0.0,0,0,0.0,0,0.0,0.0,0.0,0.0
2025,陕西,112,112,0.15243428646524815,0.004600097453217204,8,84.0,112,8,84.0,112,0.012010337366828572,0.15243428646524815,0.0003339583489313473,0.004600097453217204
2025,青海,206,112,0.14728558221936272,0.004701703136913552,196,204.0,212,112,115.5,128,0.14728558221936272,0.26785250948970785,0.004701703136913552,0.008257001027215365
2025,黑龙江,82,78,0.13582461898862871,0.004240182549261972,82,90.0,101,40,52.0,78,0.06346867430746032,0.13582461898862871,0.0020130719231357917,0.004240182549261972
