year,tech_case_id,tech_case_cn,deployment_path_id,deployment_path_cn,cumulative_electrolyzer_gw,equipment_learning_rate,equipment_capex_factor,bop_epc_learning_rate,bop_epc_factor,energy_learning_rate,energy_consumption_factor,energy_consumption_kwh_per_kg,stack_cost_learning_rate,stack_cost_factor,stack_life_hours,energy_path_basis,life_path_basis,stack_learning_basis,deployment_interpretation
2026,T0_no_learning,无学习,base,基准装机路径,4.0,0.0,1.0,0.0,1.0,,1.0,55.0,0.0,1.0,60000.0,"DOE 2024 LA system BOL 55, interim 52, ultimate 48 kWh/kg; cases bracket these targets","DOE 2024 60,000 current and 80,000 target hours; World Bank 2026 60,000-90,000 current range; 100,000 is optimistic","Author-selected conditional stack-cost rate: 13% central, with 8% and 18% deterministic sensitivities; transferring published system-level evidence to replacement stacks is a modelling assumption, not an IEA stack-rate estimate","Only the rounded 4-GW end-2025 starting point is observed; later values are author-defined conditional scenarios, not probabilistic forecasts"
2027,T0_no_learning,无学习,base,基准装机路径,50.0,0.0,1.0,0.0,1.0,,1.0,55.0,0.0,1.0,60000.0,"DOE 2024 LA system BOL 55, interim 52, ultimate 48 kWh/kg; cases bracket these targets","DOE 2024 60,000 current and 80,000 target hours; World Bank 2026 60,000-90,000 current range; 100,000 is optimistic","Author-selected conditional stack-cost rate: 13% central, with 8% and 18% deterministic sensitivities; transferring published system-level evidence to replacement stacks is a modelling assumption, not an IEA stack-rate estimate","Only the rounded 4-GW end-2025 starting point is observed; later values are author-defined conditional scenarios, not probabilistic forecasts"
2028,T0_no_learning,无学习,base,基准装机路径,80.0,0.0,1.0,0.0,1.0,,1.0,55.0,0.0,1.0,60000.0,"DOE 2024 LA system BOL 55, interim 52, ultimate 48 kWh/kg; cases bracket these targets","DOE 2024 60,000 current and 80,000 target hours; World Bank 2026 60,000-90,000 current range; 100,000 is optimistic","Author-selected conditional stack-cost rate: 13% central, with 8% and 18% deterministic sensitivities; transferring published system-level evidence to replacement stacks is a modelling assumption, not an IEA stack-rate estimate","Only the rounded 4-GW end-2025 starting point is observed; later values are author-defined conditional scenarios, not probabilistic forecasts"
2029,T0_no_learning,无学习,base,基准装机路径,110.0,0.0,1.0,0.0,1.0,,1.0,55.0,0.0,1.0,60000.0,"DOE 2024 LA system BOL 55, interim 52, ultimate 48 kWh/kg; cases bracket these targets","DOE 2024 60,000 current and 80,000 target hours; World Bank 2026 60,000-90,000 current range; 100,000 is optimistic","Author-selected conditional stack-cost rate: 13% central, with 8% and 18% deterministic sensitivities; transferring published system-level evidence to replacement stacks is a modelling assumption, not an IEA stack-rate estimate","Only the rounded 4-GW end-2025 starting point is observed; later values are author-defined conditional scenarios, not probabilistic forecasts"
2030,T0_no_learning,无学习,base,基准装机路径,140.0,0.0,1.0,0.0,1.0,,1.0,55.0,0.0,1.0,60000.0,"DOE 2024 LA system BOL 55, interim 52, ultimate 48 kWh/kg; cases bracket these targets","DOE 2024 60,000 current and 80,000 target hours; World Bank 2026 60,000-90,000 current range; 100,000 is optimistic","Author-selected conditional stack-cost rate: 13% central, with 8% and 18% deterministic sensitivities; transferring published system-level evidence to replacement stacks is a modelling assumption, not an IEA stack-rate estimate","Only the rounded 4-GW end-2025 starting point is observed; later values are author-defined conditional scenarios, not probabilistic forecasts"
2031,T0_no_learning,无学习,base,基准装机路径,196.0,0.0,1.0,0.0,1.0,,1.0,55.0,0.0,1.0,60000.0,"DOE 2024 LA system BOL 55, interim 52, ultimate 48 kWh/kg; cases bracket these targets","DOE 2024 60,000 current and 80,000 target hours; World Bank 2026 60,000-90,000 current range; 100,000 is optimistic","Author-selected conditional stack-cost rate: 13% central, with 8% and 18% deterministic sensitivities; transferring published system-level evidence to replacement stacks is a modelling assumption, not an IEA stack-rate estimate","Only the rounded 4-GW end-2025 starting point is observed; later values are author-defined conditional scenarios, not probabilistic forecasts"
2032,T0_no_learning,无学习,base,基准装机路径,252.0,0.0,1.0,0.0,1.0,,1.0,55.0,0.0,1.0,60000.0,"DOE 2024 LA system BOL 55, interim 52, ultimate 48 kWh/kg; cases bracket these targets","DOE 2024 60,000 current and 80,000 target hours; World Bank 2026 60,000-90,000 current range; 100,000 is optimistic","Author-selected conditional stack-cost rate: 13% central, with 8% and 18% deterministic sensitivities; transferring published system-level evidence to replacement stacks is a modelling assumption, not an IEA stack-rate estimate","Only the rounded 4-GW end-2025 starting point is observed; later values are author-defined conditional scenarios, not probabilistic forecasts"
2033,T0_no_learning,无学习,base,基准装机路径,308.0,0.0,1.0,0.0,1.0,,1.0,55.0,0.0,1.0,60000.0,"DOE 2024 LA system BOL 55, interim 52, ultimate 48 kWh/kg; cases bracket these targets","DOE 2024 60,000 current and 80,000 target hours; World Bank 2026 60,000-90,000 current range; 100,000 is optimistic","Author-selected conditional stack-cost rate: 13% central, with 8% and 18% deterministic sensitivities; transferring published system-level evidence to replacement stacks is a modelling assumption, not an IEA stack-rate estimate","Only the rounded 4-GW end-2025 starting point is observed; later values are author-defined conditional scenarios, not probabilistic forecasts"
2034,T0_no_learning,无学习,base,基准装机路径,364.0,0.0,1.0,0.0,1.0,,1.0,55.0,0.0,1.0,60000.0,"DOE 2024 LA system BOL 55, interim 52, ultimate 48 kWh/kg; cases bracket these targets","DOE 2024 60,000 current and 80,000 target hours; World Bank 2026 60,000-90,000 current range; 100,000 is optimistic","Author-selected conditional stack-cost rate: 13% central, with 8% and 18% deterministic sensitivities; transferring published system-level evidence to replacement stacks is a modelling assumption, not an IEA stack-rate estimate","Only the rounded 4-GW end-2025 starting point is observed; later values are author-defined conditional scenarios, not probabilistic forecasts"
2035,T0_no_learning,无学习,base,基准装机路径,420.0,0.0,1.0,0.0,1.0,,1.0,55.0,0.0,1.0,60000.0,"DOE 2024 LA system BOL 55, interim 52, ultimate 48 kWh/kg; cases bracket these targets","DOE 2024 60,000 current and 80,000 target hours; World Bank 2026 60,000-90,000 current range; 100,000 is optimistic","Author-selected conditional stack-cost rate: 13% central, with 8% and 18% deterministic sensitivities; transferring published system-level evidence to replacement stacks is a modelling assumption, not an IEA stack-rate estimate","Only the rounded 4-GW end-2025 starting point is observed; later values are author-defined conditional scenarios, not probabilistic forecasts"
2036,T0_no_learning,无学习,base,基准装机路径,476.0,0.0,1.0,0.0,1.0,,1.0,55.0,0.0,1.0,60000.0,"DOE 2024 LA system BOL 55, interim 52, ultimate 48 kWh/kg; cases bracket these targets","DOE 2024 60,000 current and 80,000 target hours; World Bank 2026 60,000-90,000 current range; 100,000 is optimistic","Author-selected conditional stack-cost rate: 13% central, with 8% and 18% deterministic sensitivities; transferring published system-level evidence to replacement stacks is a modelling assumption, not an IEA stack-rate estimate","Only the rounded 4-GW end-2025 starting point is observed; later values are author-defined conditional scenarios, not probabilistic forecasts"
2037,T0_no_learning,无学习,base,基准装机路径,532.0,0.0,1.0,0.0,1.0,,1.0,55.0,0.0,1.0,60000.0,"DOE 2024 LA system BOL 55, interim 52, ultimate 48 kWh/kg; cases bracket these targets","DOE 2024 60,000 current and 80,000 target hours; World Bank 2026 60,000-90,000 current range; 100,000 is optimistic","Author-selected conditional stack-cost rate: 13% central, with 8% and 18% deterministic sensitivities; transferring published system-level evidence to replacement stacks is a modelling assumption, not an IEA stack-rate estimate","Only the rounded 4-GW end-2025 starting point is observed; later values are author-defined conditional scenarios, not probabilistic forecasts"
2038,T0_no_learning,无学习,base,基准装机路径,588.0,0.0,1.0,0.0,1.0,,1.0,55.0,0.0,1.0,60000.0,"DOE 2024 LA system BOL 55, interim 52, ultimate 48 kWh/kg; cases bracket these targets","DOE 2024 60,000 current and 80,000 target hours; World Bank 2026 60,000-90,000 current range; 100,000 is optimistic","Author-selected conditional stack-cost rate: 13% central, with 8% and 18% deterministic sensitivities; transferring published system-level evidence to replacement stacks is a modelling assumption, not an IEA stack-rate estimate","Only the rounded 4-GW end-2025 starting point is observed; later values are author-defined conditional scenarios, not probabilistic forecasts"
2039,T0_no_learning,无学习,base,基准装机路径,644.0,0.0,1.0,0.0,1.0,,1.0,55.0,0.0,1.0,60000.0,"DOE 2024 LA system BOL 55, interim 52, ultimate 48 kWh/kg; cases bracket these targets","DOE 2024 60,000 current and 80,000 target hours; World Bank 2026 60,000-90,000 current range; 100,000 is optimistic","Author-selected conditional stack-cost rate: 13% central, with 8% and 18% deterministic sensitivities; transferring published system-level evidence to replacement stacks is a modelling assumption, not an IEA stack-rate estimate","Only the rounded 4-GW end-2025 starting point is observed; later values are author-defined conditional scenarios, not probabilistic forecasts"
2040,T0_no_learning,无学习,base,基准装机路径,700.0,0.0,1.0,0.0,1.0,,1.0,55.0,0.0,1.0,60000.0,"DOE 2024 LA system BOL 55, interim 52, ultimate 48 kWh/kg; cases bracket these targets","DOE 2024 60,000 current and 80,000 target hours; World Bank 2026 60,000-90,000 current range; 100,000 is optimistic","Author-selected conditional stack-cost rate: 13% central, with 8% and 18% deterministic sensitivities; transferring published system-level evidence to replacement stacks is a modelling assumption, not an IEA stack-rate estimate","Only the rounded 4-GW end-2025 starting point is observed; later values are author-defined conditional scenarios, not probabilistic forecasts"
2041,T0_no_learning,无学习,base,基准装机路径,770.0,0.0,1.0,0.0,1.0,,1.0,55.0,0.0,1.0,60000.0,"DOE 2024 LA system BOL 55, interim 52, ultimate 48 kWh/kg; cases bracket these targets","DOE 2024 60,000 current and 80,000 target hours; World Bank 2026 60,000-90,000 current range; 100,000 is optimistic","Author-selected conditional stack-cost rate: 13% central, with 8% and 18% deterministic sensitivities; transferring published system-level evidence to replacement stacks is a modelling assumption, not an IEA stack-rate estimate","Only the rounded 4-GW end-2025 starting point is observed; later values are author-defined conditional scenarios, not probabilistic forecasts"
2042,T0_no_learning,无学习,base,基准装机路径,840.0,0.0,1.0,0.0,1.0,,1.0,55.0,0.0,1.0,60000.0,"DOE 2024 LA system BOL 55, interim 52, ultimate 48 kWh/kg; cases bracket these targets","DOE 2024 60,000 current and 80,000 target hours; World Bank 2026 60,000-90,000 current range; 100,000 is optimistic","Author-selected conditional stack-cost rate: 13% central, with 8% and 18% deterministic sensitivities; transferring published system-level evidence to replacement stacks is a modelling assumption, not an IEA stack-rate estimate","Only the rounded 4-GW end-2025 starting point is observed; later values are author-defined conditional scenarios, not probabilistic forecasts"
2043,T0_no_learning,无学习,base,基准装机路径,910.0,0.0,1.0,0.0,1.0,,1.0,55.0,0.0,1.0,60000.0,"DOE 2024 LA system BOL 55, interim 52, ultimate 48 kWh/kg; cases bracket these targets","DOE 2024 60,000 current and 80,000 target hours; World Bank 2026 60,000-90,000 current range; 100,000 is optimistic","Author-selected conditional stack-cost rate: 13% central, with 8% and 18% deterministic sensitivities; transferring published system-level evidence to replacement stacks is a modelling assumption, not an IEA stack-rate estimate","Only the rounded 4-GW end-2025 starting point is observed; later values are author-defined conditional scenarios, not probabilistic forecasts"
2044,T0_no_learning,无学习,base,基准装机路径,980.0,0.0,1.0,0.0,1.0,,1.0,55.0,0.0,1.0,60000.0,"DOE 2024 LA system BOL 55, interim 52, ultimate 48 kWh/kg; cases bracket these targets","DOE 2024 60,000 current and 80,000 target hours; World Bank 2026 60,000-90,000 current range; 100,000 is optimistic","Author-selected conditional stack-cost rate: 13% central, with 8% and 18% deterministic sensitivities; transferring published system-level evidence to replacement stacks is a modelling assumption, not an IEA stack-rate estimate","Only the rounded 4-GW end-2025 starting point is observed; later values are author-defined conditional scenarios, not probabilistic forecasts"
2045,T0_no_learning,无学习,base,基准装机路径,1050.0,0.0,1.0,0.0,1.0,,1.0,55.0,0.0,1.0,60000.0,"DOE 2024 LA system BOL 55, interim 52, ultimate 48 kWh/kg; cases bracket these targets","DOE 2024 60,000 current and 80,000 target hours; World Bank 2026 60,000-90,000 current range; 100,000 is optimistic","Author-selected conditional stack-cost rate: 13% central, with 8% and 18% deterministic sensitivities; transferring published system-level evidence to replacement stacks is a modelling assumption, not an IEA stack-rate estimate","Only the rounded 4-GW end-2025 starting point is observed; later values are author-defined conditional scenarios, not probabilistic forecasts"
2046,T0_no_learning,无学习,base,基准装机路径,1120.0,0.0,1.0,0.0,1.0,,1.0,55.0,0.0,1.0,60000.0,"DOE 2024 LA system BOL 55, interim 52, ultimate 48 kWh/kg; cases bracket these targets","DOE 2024 60,000 current and 80,000 target hours; World Bank 2026 60,000-90,000 current range; 100,000 is optimistic","Author-selected conditional stack-cost rate: 13% central, with 8% and 18% deterministic sensitivities; transferring published system-level evidence to replacement stacks is a modelling assumption, not an IEA stack-rate estimate","Only the rounded 4-GW end-2025 starting point is observed; later values are author-defined conditional scenarios, not probabilistic forecasts"
2047,T0_no_learning,无学习,base,基准装机路径,1190.0,0.0,1.0,0.0,1.0,,1.0,55.0,0.0,1.0,60000.0,"DOE 2024 LA system BOL 55, interim 52, ultimate 48 kWh/kg; cases bracket these targets","DOE 2024 60,000 current and 80,000 target hours; World Bank 2026 60,000-90,000 current range; 100,000 is optimistic","Author-selected conditional stack-cost rate: 13% central, with 8% and 18% deterministic sensitivities; transferring published system-level evidence to replacement stacks is a modelling assumption, not an IEA stack-rate estimate","Only the rounded 4-GW end-2025 starting point is observed; later values are author-defined conditional scenarios, not probabilistic forecasts"
2048,T0_no_learning,无学习,base,基准装机路径,1260.0,0.0,1.0,0.0,1.0,,1.0,55.0,0.0,1.0,60000.0,"DOE 2024 LA system BOL 55, interim 52, ultimate 48 kWh/kg; cases bracket these targets","DOE 2024 60,000 current and 80,000 target hours; World Bank 2026 60,000-90,000 current range; 100,000 is optimistic","Author-selected conditional stack-cost rate: 13% central, with 8% and 18% deterministic sensitivities; transferring published system-level evidence to replacement stacks is a modelling assumption, not an IEA stack-rate estimate","Only the rounded 4-GW end-2025 starting point is observed; later values are author-defined conditional scenarios, not probabilistic forecasts"
2049,T0_no_learning,无学习,base,基准装机路径,1330.0,0.0,1.0,0.0,1.0,,1.0,55.0,0.0,1.0,60000.0,"DOE 2024 LA system BOL 55, interim 52, ultimate 48 kWh/kg; cases bracket these targets","DOE 2024 60,000 current and 80,000 target hours; World Bank 2026 60,000-90,000 current range; 100,000 is optimistic","Author-selected conditional stack-cost rate: 13% central, with 8% and 18% deterministic sensitivities; transferring published system-level evidence to replacement stacks is a modelling assumption, not an IEA stack-rate estimate","Only the rounded 4-GW end-2025 starting point is observed; later values are author-defined conditional scenarios, not probabilistic forecasts"
2050,T0_no_learning,无学习,base,基准装机路径,1400.0,0.0,1.0,0.0,1.0,,1.0,55.0,0.0,1.0,60000.0,"DOE 2024 LA system BOL 55, interim 52, ultimate 48 kWh/kg; cases bracket these targets","DOE 2024 60,000 current and 80,000 target hours; World Bank 2026 60,000-90,000 current range; 100,000 is optimistic","Author-selected conditional stack-cost rate: 13% central, with 8% and 18% deterministic sensitivities; transferring published system-level evidence to replacement stacks is a modelling assumption, not an IEA stack-rate estimate","Only the rounded 4-GW end-2025 starting point is observed; later values are author-defined conditional scenarios, not probabilistic forecasts"
2051,T0_no_learning,无学习,base,基准装机路径,1480.0,0.0,1.0,0.0,1.0,,1.0,55.0,0.0,1.0,60000.0,"DOE 2024 LA system BOL 55, interim 52, ultimate 48 kWh/kg; cases bracket these targets","DOE 2024 60,000 current and 80,000 target hours; World Bank 2026 60,000-90,000 current range; 100,000 is optimistic","Author-selected conditional stack-cost rate: 13% central, with 8% and 18% deterministic sensitivities; transferring published system-level evidence to replacement stacks is a modelling assumption, not an IEA stack-rate estimate","Only the rounded 4-GW end-2025 starting point is observed; later values are author-defined conditional scenarios, not probabilistic forecasts"
2052,T0_no_learning,无学习,base,基准装机路径,1560.0,0.0,1.0,0.0,1.0,,1.0,55.0,0.0,1.0,60000.0,"DOE 2024 LA system BOL 55, interim 52, ultimate 48 kWh/kg; cases bracket these targets","DOE 2024 60,000 current and 80,000 target hours; World Bank 2026 60,000-90,000 current range; 100,000 is optimistic","Author-selected conditional stack-cost rate: 13% central, with 8% and 18% deterministic sensitivities; transferring published system-level evidence to replacement stacks is a modelling assumption, not an IEA stack-rate estimate","Only the rounded 4-GW end-2025 starting point is observed; later values are author-defined conditional scenarios, not probabilistic forecasts"
2053,T0_no_learning,无学习,base,基准装机路径,1640.0,0.0,1.0,0.0,1.0,,1.0,55.0,0.0,1.0,60000.0,"DOE 2024 LA system BOL 55, interim 52, ultimate 48 kWh/kg; cases bracket these targets","DOE 2024 60,000 current and 80,000 target hours; World Bank 2026 60,000-90,000 current range; 100,000 is optimistic","Author-selected conditional stack-cost rate: 13% central, with 8% and 18% deterministic sensitivities; transferring published system-level evidence to replacement stacks is a modelling assumption, not an IEA stack-rate estimate","Only the rounded 4-GW end-2025 starting point is observed; later values are author-defined conditional scenarios, not probabilistic forecasts"
2054,T0_no_learning,无学习,base,基准装机路径,1720.0,0.0,1.0,0.0,1.0,,1.0,55.0,0.0,1.0,60000.0,"DOE 2024 LA system BOL 55, interim 52, ultimate 48 kWh/kg; cases bracket these targets","DOE 2024 60,000 current and 80,000 target hours; World Bank 2026 60,000-90,000 current range; 100,000 is optimistic","Author-selected conditional stack-cost rate: 13% central, with 8% and 18% deterministic sensitivities; transferring published system-level evidence to replacement stacks is a modelling assumption, not an IEA stack-rate estimate","Only the rounded 4-GW end-2025 starting point is observed; later values are author-defined conditional scenarios, not probabilistic forecasts"
2055,T0_no_learning,无学习,base,基准装机路径,1800.0,0.0,1.0,0.0,1.0,,1.0,55.0,0.0,1.0,60000.0,"DOE 2024 LA system BOL 55, interim 52, ultimate 48 kWh/kg; cases bracket these targets","DOE 2024 60,000 current and 80,000 target hours; World Bank 2026 60,000-90,000 current range; 100,000 is optimistic","Author-selected conditional stack-cost rate: 13% central, with 8% and 18% deterministic sensitivities; transferring published system-level evidence to replacement stacks is a modelling assumption, not an IEA stack-rate estimate","Only the rounded 4-GW end-2025 starting point is observed; later values are author-defined conditional scenarios, not probabilistic forecasts"
2056,T0_no_learning,无学习,base,基准装机路径,1880.0,0.0,1.0,0.0,1.0,,1.0,55.0,0.0,1.0,60000.0,"DOE 2024 LA system BOL 55, interim 52, ultimate 48 kWh/kg; cases bracket these targets","DOE 2024 60,000 current and 80,000 target hours; World Bank 2026 60,000-90,000 current range; 100,000 is optimistic","Author-selected conditional stack-cost rate: 13% central, with 8% and 18% deterministic sensitivities; transferring published system-level evidence to replacement stacks is a modelling assumption, not an IEA stack-rate estimate","Only the rounded 4-GW end-2025 starting point is observed; later values are author-defined conditional scenarios, not probabilistic forecasts"
2057,T0_no_learning,无学习,base,基准装机路径,1960.0,0.0,1.0,0.0,1.0,,1.0,55.0,0.0,1.0,60000.0,"DOE 2024 LA system BOL 55, interim 52, ultimate 48 kWh/kg; cases bracket these targets","DOE 2024 60,000 current and 80,000 target hours; World Bank 2026 60,000-90,000 current range; 100,000 is optimistic","Author-selected conditional stack-cost rate: 13% central, with 8% and 18% deterministic sensitivities; transferring published system-level evidence to replacement stacks is a modelling assumption, not an IEA stack-rate estimate","Only the rounded 4-GW end-2025 starting point is observed; later values are author-defined conditional scenarios, not probabilistic forecasts"
2058,T0_no_learning,无学习,base,基准装机路径,2040.0,0.0,1.0,0.0,1.0,,1.0,55.0,0.0,1.0,60000.0,"DOE 2024 LA system BOL 55, interim 52, ultimate 48 kWh/kg; cases bracket these targets","DOE 2024 60,000 current and 80,000 target hours; World Bank 2026 60,000-90,000 current range; 100,000 is optimistic","Author-selected conditional stack-cost rate: 13% central, with 8% and 18% deterministic sensitivities; transferring published system-level evidence to replacement stacks is a modelling assumption, not an IEA stack-rate estimate","Only the rounded 4-GW end-2025 starting point is observed; later values are author-defined conditional scenarios, not probabilistic forecasts"
2059,T0_no_learning,无学习,base,基准装机路径,2120.0,0.0,1.0,0.0,1.0,,1.0,55.0,0.0,1.0,60000.0,"DOE 2024 LA system BOL 55, interim 52, ultimate 48 kWh/kg; cases bracket these targets","DOE 2024 60,000 current and 80,000 target hours; World Bank 2026 60,000-90,000 current range; 100,000 is optimistic","Author-selected conditional stack-cost rate: 13% central, with 8% and 18% deterministic sensitivities; transferring published system-level evidence to replacement stacks is a modelling assumption, not an IEA stack-rate estimate","Only the rounded 4-GW end-2025 starting point is observed; later values are author-defined conditional scenarios, not probabilistic forecasts"
2060,T0_no_learning,无学习,base,基准装机路径,2200.0,0.0,1.0,0.0,1.0,,1.0,55.0,0.0,1.0,60000.0,"DOE 2024 LA system BOL 55, interim 52, ultimate 48 kWh/kg; cases bracket these targets","DOE 2024 60,000 current and 80,000 target hours; World Bank 2026 60,000-90,000 current range; 100,000 is optimistic","Author-selected conditional stack-cost rate: 13% central, with 8% and 18% deterministic sensitivities; transferring published system-level evidence to replacement stacks is a modelling assumption, not an IEA stack-rate estimate","Only the rounded 4-GW end-2025 starting point is observed; later values are author-defined conditional scenarios, not probabilistic forecasts"
2026,T1_conservative,技术学习-保守,slow,低装机路径,4.0,0.08,1.0,0.02,1.0,,1.0,55.0,0.08,1.0,60000.0,"DOE 2024 LA system BOL 55, interim 52, ultimate 48 kWh/kg; cases bracket these targets","DOE 2024 60,000 current and 80,000 target hours; World Bank 2026 60,000-90,000 current range; 100,000 is optimistic","Author-selected conditional stack-cost rate: 13% central, with 8% and 18% deterministic sensitivities; transferring published system-level evidence to replacement stacks is a modelling assumption, not an IEA stack-rate estimate","Only the rounded 4-GW end-2025 starting point is observed; later values are author-defined conditional scenarios, not probabilistic forecasts"
2027,T1_conservative,技术学习-保守,slow,低装机路径,35.0,0.08,0.7703389603287077,0.02,0.9387369392609517,,0.978572334065173,53.82147837358451,0.08,0.7703389603287077,67856.81084276992,"DOE 2024 LA system BOL 55, interim 52, ultimate 48 kWh/kg; cases bracket these targets","DOE 2024 60,000 current and 80,000 target hours; World Bank 2026 60,000-90,000 current range; 100,000 is optimistic","Author-selected conditional stack-cost rate: 13% central, with 8% and 18% deterministic sensitivities; transferring published system-level evidence to replacement stacks is a modelling assumption, not an IEA stack-rate estimate","Only the rounded 4-GW end-2025 starting point is observed; later values are author-defined conditional scenarios, not probabilistic forecasts"
2028,T1_conservative,技术学习-保守,slow,低装机路径,50.0,0.08,0.73798587668651,0.02,0.929028595115026,,0.9750488106297042,53.62768458463373,0.08,0.73798587668651,69148.76943577515,"DOE 2024 LA system BOL 55, interim 52, ultimate 48 kWh/kg; cases bracket these targets","DOE 2024 60,000 current and 80,000 target hours; World Bank 2026 60,000-90,000 current range; 100,000 is optimistic","Author-selected conditional stack-cost rate: 13% central, with 8% and 18% deterministic sensitivities; transferring published system-level evidence to replacement stacks is a modelling assumption, not an IEA stack-rate estimate","Only the rounded 4-GW end-2025 starting point is observed; later values are author-defined conditional scenarios, not probabilistic forecasts"
2029,T1_conservative,技术学习-保守,slow,低装机路径,65.0,0.08,0.7150580863089392,0.02,0.9219514448635986,,0.9724569643276563,53.4851330380211,0.08,0.7150580863089392,70099.11307985937,"DOE 2024 LA system BOL 55, interim 52, ultimate 48 kWh/kg; cases bracket these targets","DOE 2024 60,000 current and 80,000 target hours; World Bank 2026 60,000-90,000 current range; 100,000 is optimistic","Author-selected conditional stack-cost rate: 13% central, with 8% and 18% deterministic sensitivities; transferring published system-level evidence to replacement stacks is a modelling assumption, not an IEA stack-rate estimate","Only the rounded 4-GW end-2025 starting point is observed; later values are author-defined conditional scenarios, not probabilistic forecasts"
2030,T1_conservative,技术学习-保守,slow,低装机路径,80.0,0.08,0.6974187090311188,0.02,0.9163887100714188,,0.9704057348248414,53.37231541536627,0.08,0.6974187090311188,70851.23056422485,"DOE 2024 LA system BOL 55, interim 52, ultimate 48 kWh/kg; cases bracket these targets","DOE 2024 60,000 current and 80,000 target hours; World Bank 2026 60,000-90,000 current range; 100,000 is optimistic","Author-selected conditional stack-cost rate: 13% central, with 8% and 18% deterministic sensitivities; transferring published system-level evidence to replacement stacks is a modelling assumption, not an IEA stack-rate estimate","Only the rounded 4-GW end-2025 starting point is observed; later values are author-defined conditional scenarios, not probabilistic forecasts"
2031,T1_conservative,技术学习-保守,slow,低装机路径,102.0,0.08,0.6773315833031583,0.02,0.9099226877045886,,0.9680057160726456,53.24031438399551,0.08,0.6773315833031583,71731.23744002993,"DOE 2024 LA system BOL 55, interim 52, ultimate 48 kWh/kg; cases bracket these targets","DOE 2024 60,000 current and 80,000 target hours; World Bank 2026 60,000-90,000 current range; 100,000 is optimistic","Author-selected conditional stack-cost rate: 13% central, with 8% and 18% deterministic sensitivities; transferring published system-level evidence to replacement stacks is a modelling assumption, not an IEA stack-rate estimate","Only the rounded 4-GW end-2025 starting point is observed; later values are author-defined conditional scenarios, not probabilistic forecasts"
2032,T1_conservative,技术学习-保守,slow,低装机路径,124.0,0.08,0.661603490553042,0.02,0.9047576347524253,,0.966076298327864,53.13419640803252,0.08,0.661603490553042,72438.69061311653,"DOE 2024 LA system BOL 55, interim 52, ultimate 48 kWh/kg; cases bracket these targets","DOE 2024 60,000 current and 80,000 target hours; World Bank 2026 60,000-90,000 current range; 100,000 is optimistic","Author-selected conditional stack-cost rate: 13% central, with 8% and 18% deterministic sensitivities; transferring published system-level evidence to replacement stacks is a modelling assumption, not an IEA stack-rate estimate","Only the rounded 4-GW end-2025 starting point is observed; later values are author-defined conditional scenarios, not probabilistic forecasts"
2033,T1_conservative,技术学习-保守,slow,低装机路径,146.0,0.08,0.65,0.02,0.9004609261480626,,0.9644628413902271,53.04545627646249,0.08,0.65,73030.29149025009,"DOE 2024 LA system BOL 55, interim 52, ultimate 48 kWh/kg; cases bracket these targets","DOE 2024 60,000 current and 80,000 target hours; World Bank 2026 60,000-90,000 current range; 100,000 is optimistic","Author-selected conditional stack-cost rate: 13% central, with 8% and 18% deterministic sensitivities; transferring published system-level evidence to replacement stacks is a modelling assumption, not an IEA stack-rate estimate","Only the rounded 4-GW end-2025 starting point is observed; later values are author-defined conditional scenarios, not probabilistic forecasts"
2034,T1_conservative,技术学习-保守,slow,低装机路径,168.0,0.08,0.65,0.02,0.8967847514523837,,0.9630762779447626,52.96919528696194,0.08,0.65,73538.6980869204,"DOE 2024 LA system BOL 55, interim 52, ultimate 48 kWh/kg; cases bracket these targets","DOE 2024 60,000 current and 80,000 target hours; World Bank 2026 60,000-90,000 current range; 100,000 is optimistic","Author-selected conditional stack-cost rate: 13% central, with 8% and 18% deterministic sensitivities; transferring published system-level evidence to replacement stacks is a modelling assumption, not an IEA stack-rate estimate","Only the rounded 4-GW end-2025 starting point is observed; later values are author-defined conditional scenarios, not probabilistic forecasts"
2035,T1_conservative,技术学习-保守,slow,低装机路径,190.0,0.08,0.65,0.02,0.8935739685343855,,0.9618605908656176,52.90233249760897,0.08,0.65,73984.45001594021,"DOE 2024 LA system BOL 55, interim 52, ultimate 48 kWh/kg; cases bracket these targets","DOE 2024 60,000 current and 80,000 target hours; World Bank 2026 60,000-90,000 current range; 100,000 is optimistic","Author-selected conditional stack-cost rate: 13% central, with 8% and 18% deterministic sensitivities; transferring published system-level evidence to replacement stacks is a modelling assumption, not an IEA stack-rate estimate","Only the rounded 4-GW end-2025 starting point is observed; later values are author-defined conditional scenarios, not probabilistic forecasts"
2036,T1_conservative,技术学习-保守,slow,低装机路径,212.0,0.08,0.65,0.02,0.8907250362033403,,0.960778246858136,52.84280357719748,0.08,0.65,74381.30948535014,"DOE 2024 LA system BOL 55, interim 52, ultimate 48 kWh/kg; cases bracket these targets","DOE 2024 60,000 current and 80,000 target hours; World Bank 2026 60,000-90,000 current range; 100,000 is optimistic","Author-selected conditional stack-cost rate: 13% central, with 8% and 18% deterministic sensitivities; transferring published system-level evidence to replacement stacks is a modelling assumption, not an IEA stack-rate estimate","Only the rounded 4-GW end-2025 starting point is observed; later values are author-defined conditional scenarios, not probabilistic forecasts"
2037,T1_conservative,技术学习-保守,slow,低装机路径,234.0,0.08,0.65,0.02,0.8881654282404139,,0.9598028642837069,52.78915753560388,0.08,0.65,74738.9497626408,"DOE 2024 LA system BOL 55, interim 52, ultimate 48 kWh/kg; cases bracket these targets","DOE 2024 60,000 current and 80,000 target hours; World Bank 2026 60,000-90,000 current range; 100,000 is optimistic","Author-selected conditional stack-cost rate: 13% central, with 8% and 18% deterministic sensitivities; transferring published system-level evidence to replacement stacks is a modelling assumption, not an IEA stack-rate estimate","Only the rounded 4-GW end-2025 starting point is observed; later values are author-defined conditional scenarios, not probabilistic forecasts"
2038,T1_conservative,技术学习-保守,slow,低装机路径,256.0,0.08,0.65,0.02,0.8858423808639999,,0.9589151908239743,52.74033549531858,0.08,0.65,75064.43003120947,"DOE 2024 LA system BOL 55, interim 52, ultimate 48 kWh/kg; cases bracket these targets","DOE 2024 60,000 current and 80,000 target hours; World Bank 2026 60,000-90,000 current range; 100,000 is optimistic","Author-selected conditional stack-cost rate: 13% central, with 8% and 18% deterministic sensitivities; transferring published system-level evidence to replacement stacks is a modelling assumption, not an IEA stack-rate estimate","Only the rounded 4-GW end-2025 starting point is observed; later values are author-defined conditional scenarios, not probabilistic forecasts"
2039,T1_conservative,技术学习-保守,slow,低装机路径,278.0,0.08,0.65,0.02,0.8837163175587408,,0.9581007456113013,52.695541008621575,0.08,0.65,75363.05994252284,"DOE 2024 LA system BOL 55, interim 52, ultimate 48 kWh/kg; cases bracket these targets","DOE 2024 60,000 current and 80,000 target hours; World Bank 2026 60,000-90,000 current range; 100,000 is optimistic","Author-selected conditional stack-cost rate: 13% central, with 8% and 18% deterministic sensitivities; transferring published system-level evidence to replacement stacks is a modelling assumption, not an IEA stack-rate estimate","Only the rounded 4-GW end-2025 starting point is observed; later values are author-defined conditional scenarios, not probabilistic forecasts"
2040,T1_conservative,技术学习-保守,slow,低装机路径,300.0,0.08,0.65,0.02,0.8817567973734576,,0.9573483621181522,52.65415991649837,0.08,0.65,75638.93389001083,"DOE 2024 LA system BOL 55, interim 52, ultimate 48 kWh/kg; cases bracket these targets","DOE 2024 60,000 current and 80,000 target hours; World Bank 2026 60,000-90,000 current range; 100,000 is optimistic","Author-selected conditional stack-cost rate: 13% central, with 8% and 18% deterministic sensitivities; transferring published system-level evidence to replacement stacks is a modelling assumption, not an IEA stack-rate estimate","Only the rounded 4-GW end-2025 starting point is observed; later values are author-defined conditional scenarios, not probabilistic forecasts"
2041,T1_conservative,技术学习-保守,slow,低装机路径,340.0,0.08,0.65,0.02,0.878545966245231,,0.9561118994090388,52.58615446749714,0.08,0.65,76092.3035500191,"DOE 2024 LA system BOL 55, interim 52, ultimate 48 kWh/kg; cases bracket these targets","DOE 2024 60,000 current and 80,000 target hours; World Bank 2026 60,000-90,000 current range; 100,000 is optimistic","Author-selected conditional stack-cost rate: 13% central, with 8% and 18% deterministic sensitivities; transferring published system-level evidence to replacement stacks is a modelling assumption, not an IEA stack-rate estimate","Only the rounded 4-GW end-2025 starting point is observed; later values are author-defined conditional scenarios, not probabilistic forecasts"
2042,T1_conservative,技术学习-保守,slow,低装机路径,380.0,0.08,0.65,0.02,0.8757024891636979,,0.9550131226696132,52.52572174682873,0.08,0.65,76495.18835447512,"DOE 2024 LA system BOL 55, interim 52, ultimate 48 kWh/kg; cases bracket these targets","DOE 2024 60,000 current and 80,000 target hours; World Bank 2026 60,000-90,000 current range; 100,000 is optimistic","Author-selected conditional stack-cost rate: 13% central, with 8% and 18% deterministic sensitivities; transferring published system-level evidence to replacement stacks is a modelling assumption, not an IEA stack-rate estimate","Only the rounded 4-GW end-2025 starting point is observed; later values are author-defined conditional scenarios, not probabilistic forecasts"
2043,T1_conservative,技术学习-保守,slow,低装机路径,420.0,0.08,0.65,0.02,0.8731517284413465,,0.9540244173576167,52.47134295466892,0.08,0.65,76857.71363554052,"DOE 2024 LA system BOL 55, interim 52, ultimate 48 kWh/kg; cases bracket these targets","DOE 2024 60,000 current and 80,000 target hours; World Bank 2026 60,000-90,000 current range; 100,000 is optimistic","Author-selected conditional stack-cost rate: 13% central, with 8% and 18% deterministic sensitivities; transferring published system-level evidence to replacement stacks is a modelling assumption, not an IEA stack-rate estimate","Only the rounded 4-GW end-2025 starting point is observed; later values are author-defined conditional scenarios, not probabilistic forecasts"
2044,T1_conservative,技术学习-保守,slow,低装机路径,460.0,0.08,0.65,0.02,0.8708396376956891,,0.9531257245900945,52.421914852455195,0.08,0.65,77187.23431696535,"DOE 2024 LA system BOL 55, interim 52, ultimate 48 kWh/kg; cases bracket these targets","DOE 2024 60,000 current and 80,000 target hours; World Bank 2026 60,000-90,000 current range; 100,000 is optimistic","Author-selected conditional stack-cost rate: 13% central, with 8% and 18% deterministic sensitivities; transferring published system-level evidence to replacement stacks is a modelling assumption, not an IEA stack-rate estimate","Only the rounded 4-GW end-2025 starting point is observed; later values are author-defined conditional scenarios, not probabilistic forecasts"
2045,T1_conservative,技术学习-保守,slow,低装机路径,500.0,0.08,0.65,0.02,0.8687258325478786,,0.9523020136505498,52.37661075078024,0.08,0.65,77489.26166146509,"DOE 2024 LA system BOL 55, interim 52, ultimate 48 kWh/kg; cases bracket these targets","DOE 2024 60,000 current and 80,000 target hours; World Bank 2026 60,000-90,000 current range; 100,000 is optimistic","Author-selected conditional stack-cost rate: 13% central, with 8% and 18% deterministic sensitivities; transferring published system-level evidence to replacement stacks is a modelling assumption, not an IEA stack-rate estimate","Only the rounded 4-GW end-2025 starting point is observed; later values are author-defined conditional scenarios, not probabilistic forecasts"
2046,T1_conservative,技术学习-保守,slow,低装机路径,540.0,0.08,0.65,0.02,0.8667793487989879,,0.9515417302702073,52.3347951648614,0.08,0.65,77768.03223425735,"DOE 2024 LA system BOL 55, interim 52, ultimate 48 kWh/kg; cases bracket these targets","DOE 2024 60,000 current and 80,000 target hours; World Bank 2026 60,000-90,000 current range; 100,000 is optimistic","Author-selected conditional stack-cost rate: 13% central, with 8% and 18% deterministic sensitivities; transferring published system-level evidence to replacement stacks is a modelling assumption, not an IEA stack-rate estimate","Only the rounded 4-GW end-2025 starting point is observed; later values are author-defined conditional scenarios, not probabilistic forecasts"
2047,T1_conservative,技术学习-保守,slow,低装机路径,580.0,0.08,0.65,0.02,0.8649759275045882,,0.9508358008559206,52.29596904707563,0.08,0.65,78026.8730194958,"DOE 2024 LA system BOL 55, interim 52, ultimate 48 kWh/kg; cases bracket these targets","DOE 2024 60,000 current and 80,000 target hours; World Bank 2026 60,000-90,000 current range; 100,000 is optimistic","Author-selected conditional stack-cost rate: 13% central, with 8% and 18% deterministic sensitivities; transferring published system-level evidence to replacement stacks is a modelling assumption, not an IEA stack-rate estimate","Only the rounded 4-GW end-2025 starting point is observed; later values are author-defined conditional scenarios, not probabilistic forecasts"
2048,T1_conservative,技术学习-保守,slow,低装机路径,620.0,0.08,0.65,0.02,0.8632962118263671,,0.9501769695447139,52.259733324959264,0.08,0.65,78268.44450027157,"DOE 2024 LA system BOL 55, interim 52, ultimate 48 kWh/kg; cases bracket these targets","DOE 2024 60,000 current and 80,000 target hours; World Bank 2026 60,000-90,000 current range; 100,000 is optimistic","Author-selected conditional stack-cost rate: 13% central, with 8% and 18% deterministic sensitivities; transferring published system-level evidence to replacement stacks is a modelling assumption, not an IEA stack-rate estimate","Only the rounded 4-GW end-2025 starting point is observed; later values are author-defined conditional scenarios, not probabilistic forecasts"
2049,T1_conservative,技术学习-保守,slow,低装机路径,660.0,0.08,0.65,0.02,0.8617245114356735,,0.9495593429164317,52.225763860403745,0.08,0.65,78494.90759730835,"DOE 2024 LA system BOL 55, interim 52, ultimate 48 kWh/kg; cases bracket these targets","DOE 2024 60,000 current and 80,000 target hours; World Bank 2026 60,000-90,000 current range; 100,000 is optimistic","Author-selected conditional stack-cost rate: 13% central, with 8% and 18% deterministic sensitivities; transferring published system-level evidence to replacement stacks is a modelling assumption, not an IEA stack-rate estimate","Only the rounded 4-GW end-2025 starting point is observed; later values are author-defined conditional scenarios, not probabilistic forecasts"
2050,T1_conservative,技术学习-保守,slow,低装机路径,700.0,0.08,0.65,0.02,0.8602479328657353,,0.9489780688900142,52.193793788950785,0.08,0.65,78708.04140699477,"DOE 2024 LA system BOL 55, interim 52, ultimate 48 kWh/kg; cases bracket these targets","DOE 2024 60,000 current and 80,000 target hours; World Bank 2026 60,000-90,000 current range; 100,000 is optimistic","Author-selected conditional stack-cost rate: 13% central, with 8% and 18% deterministic sensitivities; transferring published system-level evidence to replacement stacks is a modelling assumption, not an IEA stack-rate estimate","Only the rounded 4-GW end-2025 starting point is observed; later values are author-defined conditional scenarios, not probabilistic forecasts"
2051,T1_conservative,技术学习-保守,slow,低装机路径,730.0,0.08,0.65,0.02,0.8591964041883988,,0.9485635126070769,52.17099319338923,0.08,0.65,78860.04537740513,"DOE 2024 LA system BOL 55, interim 52, ultimate 48 kWh/kg; cases bracket these targets","DOE 2024 60,000 current and 80,000 target hours; World Bank 2026 60,000-90,000 current range; 100,000 is optimistic","Author-selected conditional stack-cost rate: 13% central, with 8% and 18% deterministic sensitivities; transferring published system-level evidence to replacement stacks is a modelling assumption, not an IEA stack-rate estimate","Only the rounded 4-GW end-2025 starting point is observed; later values are author-defined conditional scenarios, not probabilistic forecasts"
2052,T1_conservative,技术学习-保守,slow,低装机路径,760.0,0.08,0.65,0.02,0.8581884393804239,,0.9481656544736089,52.14911099604849,0.08,0.65,79005.92669301003,"DOE 2024 LA system BOL 55, interim 52, ultimate 48 kWh/kg; cases bracket these targets","DOE 2024 60,000 current and 80,000 target hours; World Bank 2026 60,000-90,000 current range; 100,000 is optimistic","Author-selected conditional stack-cost rate: 13% central, with 8% and 18% deterministic sensitivities; transferring published system-level evidence to replacement stacks is a modelling assumption, not an IEA stack-rate estimate","Only the rounded 4-GW end-2025 starting point is observed; later values are author-defined conditional scenarios, not probabilistic forecasts"
2053,T1_conservative,技术学习-保守,slow,低装机路径,790.0,0.08,0.65,0.02,0.8572206172260224,,0.9477832012251273,52.128076067382,0.08,0.65,79146.15955078666,"DOE 2024 LA system BOL 55, interim 52, ultimate 48 kWh/kg; cases bracket these targets","DOE 2024 60,000 current and 80,000 target hours; World Bank 2026 60,000-90,000 current range; 100,000 is optimistic","Author-selected conditional stack-cost rate: 13% central, with 8% and 18% deterministic sensitivities; transferring published system-level evidence to replacement stacks is a modelling assumption, not an IEA stack-rate estimate","Only the rounded 4-GW end-2025 starting point is observed; later values are author-defined conditional scenarios, not probabilistic forecasts"
2054,T1_conservative,技术学习-保守,slow,低装机路径,820.0,0.08,0.65,0.02,0.8562899026974934,,0.9474150042567885,52.10782523412337,0.08,0.65,79281.16510584422,"DOE 2024 LA system BOL 55, interim 52, ultimate 48 kWh/kg; cases bracket these targets","DOE 2024 60,000 current and 80,000 target hours; World Bank 2026 60,000-90,000 current range; 100,000 is optimistic","Author-selected conditional stack-cost rate: 13% central, with 8% and 18% deterministic sensitivities; transferring published system-level evidence to replacement stacks is a modelling assumption, not an IEA stack-rate estimate","Only the rounded 4-GW end-2025 starting point is observed; later values are author-defined conditional scenarios, not probabilistic forecasts"
2055,T1_conservative,技术学习-保守,slow,低装机路径,850.0,0.08,0.65,0.02,0.8553935910482828,,0.947060038821893,52.08830213520412,0.08,0.65,79411.31909863921,"DOE 2024 LA system BOL 55, interim 52, ultimate 48 kWh/kg; cases bracket these targets","DOE 2024 60,000 current and 80,000 target hours; World Bank 2026 60,000-90,000 current range; 100,000 is optimistic","Author-selected conditional stack-cost rate: 13% central, with 8% and 18% deterministic sensitivities; transferring published system-level evidence to replacement stacks is a modelling assumption, not an IEA stack-rate estimate","Only the rounded 4-GW end-2025 starting point is observed; later values are author-defined conditional scenarios, not probabilistic forecasts"
2056,T1_conservative,技术学习-保守,slow,低装机路径,880.0,0.08,0.65,0.02,0.8545292616587609,,0.9467173868399706,52.06945627619839,0.08,0.65,79536.9581586774,"DOE 2024 LA system BOL 55, interim 52, ultimate 48 kWh/kg; cases bracket these targets","DOE 2024 60,000 current and 80,000 target hours; World Bank 2026 60,000-90,000 current range; 100,000 is optimistic","Author-selected conditional stack-cost rate: 13% central, with 8% and 18% deterministic sensitivities; transferring published system-level evidence to replacement stacks is a modelling assumption, not an IEA stack-rate estimate","Only the rounded 4-GW end-2025 starting point is observed; later values are author-defined conditional scenarios, not probabilistic forecasts"
2057,T1_conservative,技术学习-保守,slow,低装机路径,910.0,0.08,0.65,0.02,0.8536947396633056,,0.9463862225879663,52.05124224233815,0.08,0.65,79658.38505107899,"DOE 2024 LA system BOL 55, interim 52, ultimate 48 kWh/kg; cases bracket these targets","DOE 2024 60,000 current and 80,000 target hours; World Bank 2026 60,000-90,000 current range; 100,000 is optimistic","Author-selected conditional stack-cost rate: 13% central, with 8% and 18% deterministic sensitivities; transferring published system-level evidence to replacement stacks is a modelling assumption, not an IEA stack-rate estimate","Only the rounded 4-GW end-2025 starting point is observed; later values are author-defined conditional scenarios, not probabilistic forecasts"
2058,T1_conservative,技术学习-保守,slow,低装机路径,940.0,0.08,0.65,0.02,0.8528880638368426,,0.9460658007131072,52.033619039220895,0.08,0.65,79775.87307186068,"DOE 2024 LA system BOL 55, interim 52, ultimate 48 kWh/kg; cases bracket these targets","DOE 2024 60,000 current and 80,000 target hours; World Bank 2026 60,000-90,000 current range; 100,000 is optimistic","Author-selected conditional stack-cost rate: 13% central, with 8% and 18% deterministic sensitivities; transferring published system-level evidence to replacement stacks is a modelling assumption, not an IEA stack-rate estimate","Only the rounded 4-GW end-2025 starting point is observed; later values are author-defined conditional scenarios, not probabilistic forecasts"
2059,T1_conservative,技术学习-保守,slow,低装机路径,970.0,0.08,0.65,0.02,0.8521074595551223,,0.9457554461295775,52.016549537126764,0.08,0.65,79889.66975248826,"DOE 2024 LA system BOL 55, interim 52, ultimate 48 kWh/kg; cases bracket these targets","DOE 2024 60,000 current and 80,000 target hours; World Bank 2026 60,000-90,000 current range; 100,000 is optimistic","Author-selected conditional stack-cost rate: 13% central, with 8% and 18% deterministic sensitivities; transferring published system-level evidence to replacement stacks is a modelling assumption, not an IEA stack-rate estimate","Only the rounded 4-GW end-2025 starting point is observed; later values are author-defined conditional scenarios, not probabilistic forecasts"
2060,T1_conservative,技术学习-保守,slow,低装机路径,1000.0,0.08,0.65,0.02,0.851351315896921,,0.9454545454545454,52.0,0.08,0.65,80000.0,"DOE 2024 LA system BOL 55, interim 52, ultimate 48 kWh/kg; cases bracket these targets","DOE 2024 60,000 current and 80,000 target hours; World Bank 2026 60,000-90,000 current range; 100,000 is optimistic","Author-selected conditional stack-cost rate: 13% central, with 8% and 18% deterministic sensitivities; transferring published system-level evidence to replacement stacks is a modelling assumption, not an IEA stack-rate estimate","Only the rounded 4-GW end-2025 starting point is observed; later values are author-defined conditional scenarios, not probabilistic forecasts"
2026,T2_base,技术学习-基准,base,基准装机路径,4.0,0.13,1.0,0.05,1.0,,1.0,55.0,0.13,1.0,60000.0,"DOE 2024 LA system BOL 55, interim 52, ultimate 48 kWh/kg; cases bracket these targets","DOE 2024 60,000 current and 80,000 target hours; World Bank 2026 60,000-90,000 current range; 100,000 is optimistic","Author-selected conditional stack-cost rate: 13% central, with 8% and 18% deterministic sensitivities; transferring published system-level evidence to replacement stacks is a modelling assumption, not an IEA stack-rate estimate","Only the rounded 4-GW end-2025 starting point is observed; later values are author-defined conditional scenarios, not probabilistic forecasts"
2027,T2_base,技术学习-基准,base,基准装机路径,50.0,0.13,0.6020282270085557,0.05,0.8295222152229293,,0.9636109875258717,52.99860431392295,0.13,0.6020282270085557,72008.3741164623,"DOE 2024 LA system BOL 55, interim 52, ultimate 48 kWh/kg; cases bracket these targets","DOE 2024 60,000 current and 80,000 target hours; World Bank 2026 60,000-90,000 current range; 100,000 is optimistic","Author-selected conditional stack-cost rate: 13% central, with 8% and 18% deterministic sensitivities; transferring published system-level evidence to replacement stacks is a modelling assumption, not an IEA stack-rate estimate","Only the rounded 4-GW end-2025 starting point is observed; later values are author-defined conditional scenarios, not probabilistic forecasts"
2028,T2_base,技术学习-基准,base,基准装机路径,80.0,0.13,0.55,0.05,0.8011669472539883,,0.9568394889462242,52.62617189204233,0.13,0.55,74242.968647746,"DOE 2024 LA system BOL 55, interim 52, ultimate 48 kWh/kg; cases bracket these targets","DOE 2024 60,000 current and 80,000 target hours; World Bank 2026 60,000-90,000 current range; 100,000 is optimistic","Author-selected conditional stack-cost rate: 13% central, with 8% and 18% deterministic sensitivities; transferring published system-level evidence to replacement stacks is a modelling assumption, not an IEA stack-rate estimate","Only the rounded 4-GW end-2025 starting point is observed; later values are author-defined conditional scenarios, not probabilistic forecasts"
2029,T2_base,技术学习-基准,base,基准装机路径,110.0,0.13,0.55,0.05,0.7825075630627747,,0.9522514201446848,52.373828107957664,0.13,0.55,75757.031352254,"DOE 2024 LA system BOL 55, interim 52, ultimate 48 kWh/kg; cases bracket these targets","DOE 2024 60,000 current and 80,000 target hours; World Bank 2026 60,000-90,000 current range; 100,000 is optimistic","Author-selected conditional stack-cost rate: 13% central, with 8% and 18% deterministic sensitivities; transferring published system-level evidence to replacement stacks is a modelling assumption, not an IEA stack-rate estimate","Only the rounded 4-GW end-2025 starting point is observed; later values are author-defined conditional scenarios, not probabilistic forecasts"
2030,T2_base,技术学习-基准,base,基准装机路径,140.0,0.13,0.55,0.05,0.768666699747022,,0.9487769181970699,52.182730500838844,0.13,0.55,76903.61699496696,"DOE 2024 LA system BOL 55, interim 52, ultimate 48 kWh/kg; cases bracket these targets","DOE 2024 60,000 current and 80,000 target hours; World Bank 2026 60,000-90,000 current range; 100,000 is optimistic","Author-selected conditional stack-cost rate: 13% central, with 8% and 18% deterministic sensitivities; transferring published system-level evidence to replacement stacks is a modelling assumption, not an IEA stack-rate estimate","Only the rounded 4-GW end-2025 starting point is observed; later values are author-defined conditional scenarios, not probabilistic forecasts"
2031,T2_base,技术学习-基准,base,基准装机路径,196.0,0.13,0.55,0.05,0.7497638678177517,,0.9439292507949525,51.91610879372239,0.13,0.55,78503.34723766569,"DOE 2024 LA system BOL 55, interim 52, ultimate 48 kWh/kg; cases bracket these targets","DOE 2024 60,000 current and 80,000 target hours; World Bank 2026 60,000-90,000 current range; 100,000 is optimistic","Author-selected conditional stack-cost rate: 13% central, with 8% and 18% deterministic sensitivities; transferring published system-level evidence to replacement stacks is a modelling assumption, not an IEA stack-rate estimate","Only the rounded 4-GW end-2025 starting point is observed; later values are author-defined conditional scenarios, not probabilistic forecasts"
2032,T2_base,技术学习-基准,base,基准装机路径,252.0,0.13,0.55,0.05,0.7359490569474036,,0.9403084802556269,51.71696641405948,0.13,0.55,79698.20151564316,"DOE 2024 LA system BOL 55, interim 52, ultimate 48 kWh/kg; cases bracket these targets","DOE 2024 60,000 current and 80,000 target hours; World Bank 2026 60,000-90,000 current range; 100,000 is optimistic","Author-selected conditional stack-cost rate: 13% central, with 8% and 18% deterministic sensitivities; transferring published system-level evidence to replacement stacks is a modelling assumption, not an IEA stack-rate estimate","Only the rounded 4-GW end-2025 starting point is observed; later values are author-defined conditional scenarios, not probabilistic forecasts"
2033,T2_base,技术学习-基准,base,基准装机路径,308.0,0.13,0.55,0.05,0.7251011425473414,,0.9374173508158828,51.557954294873554,0.13,0.55,80652.27423075866,"DOE 2024 LA system BOL 55, interim 52, ultimate 48 kWh/kg; cases bracket these targets","DOE 2024 60,000 current and 80,000 target hours; World Bank 2026 60,000-90,000 current range; 100,000 is optimistic","Author-selected conditional stack-cost rate: 13% central, with 8% and 18% deterministic sensitivities; transferring published system-level evidence to replacement stacks is a modelling assumption, not an IEA stack-rate estimate","Only the rounded 4-GW end-2025 starting point is observed; later values are author-defined conditional scenarios, not probabilistic forecasts"
2034,T2_base,技术学习-基准,base,基准装机路径,364.0,0.13,0.55,0.05,0.7161925480668415,,0.9350105470666517,51.42558008866584,0.13,0.55,81446.51946800499,"DOE 2024 LA system BOL 55, interim 52, ultimate 48 kWh/kg; cases bracket these targets","DOE 2024 60,000 current and 80,000 target hours; World Bank 2026 60,000-90,000 current range; 100,000 is optimistic","Author-selected conditional stack-cost rate: 13% central, with 8% and 18% deterministic sensitivities; transferring published system-level evidence to replacement stacks is a modelling assumption, not an IEA stack-rate estimate","Only the rounded 4-GW end-2025 starting point is observed; later values are author-defined conditional scenarios, not probabilistic forecasts"
2035,T2_base,技术学习-基准,base,基准装机路径,420.0,0.13,0.55,0.05,0.7086484093952498,,0.9329488456261451,51.31218650943798,0.13,0.55,82126.88094337212,"DOE 2024 LA system BOL 55, interim 52, ultimate 48 kWh/kg; cases bracket these targets","DOE 2024 60,000 current and 80,000 target hours; World Bank 2026 60,000-90,000 current range; 100,000 is optimistic","Author-selected conditional stack-cost rate: 13% central, with 8% and 18% deterministic sensitivities; transferring published system-level evidence to replacement stacks is a modelling assumption, not an IEA stack-rate estimate","Only the rounded 4-GW end-2025 starting point is observed; later values are author-defined conditional scenarios, not probabilistic forecasts"
2036,T2_base,技术学习-基准,base,基准装机路径,476.0,0.13,0.55,0.05,0.7021151077236094,,0.9311455786043619,51.2130068232399,0.13,0.55,82721.95906056059,"DOE 2024 LA system BOL 55, interim 52, ultimate 48 kWh/kg; cases bracket these targets","DOE 2024 60,000 current and 80,000 target hours; World Bank 2026 60,000-90,000 current range; 100,000 is optimistic","Author-selected conditional stack-cost rate: 13% central, with 8% and 18% deterministic sensitivities; transferring published system-level evidence to replacement stacks is a modelling assumption, not an IEA stack-rate estimate","Only the rounded 4-GW end-2025 starting point is observed; later values are author-defined conditional scenarios, not probabilistic forecasts"
2037,T2_base,技术学习-基准,base,基准装机路径,532.0,0.13,0.55,0.05,0.6963598830394834,,0.9295431138928063,51.12487126410435,0.13,0.55,83250.7724153739,"DOE 2024 LA system BOL 55, interim 52, ultimate 48 kWh/kg; cases bracket these targets","DOE 2024 60,000 current and 80,000 target hours; World Bank 2026 60,000-90,000 current range; 100,000 is optimistic","Author-selected conditional stack-cost rate: 13% central, with 8% and 18% deterministic sensitivities; transferring published system-level evidence to replacement stacks is a modelling assumption, not an IEA stack-rate estimate","Only the rounded 4-GW end-2025 starting point is observed; later values are author-defined conditional scenarios, not probabilistic forecasts"
2038,T2_base,技术学习-基准,base,基准装机路径,588.0,0.13,0.55,0.05,0.6912215301195486,,0.9281011782240278,51.04556480232153,0.13,0.55,83726.61118607083,"DOE 2024 LA system BOL 55, interim 52, ultimate 48 kWh/kg; cases bracket these targets","DOE 2024 60,000 current and 80,000 target hours; World Bank 2026 60,000-90,000 current range; 100,000 is optimistic","Author-selected conditional stack-cost rate: 13% central, with 8% and 18% deterministic sensitivities; transferring published system-level evidence to replacement stacks is a modelling assumption, not an IEA stack-rate estimate","Only the rounded 4-GW end-2025 starting point is observed; later values are author-defined conditional scenarios, not probabilistic forecasts"
2039,T2_base,技术学习-基准,base,基准装机路径,644.0,0.13,0.55,0.05,0.686583879095038,,0.926790517564031,50.9734784660217,0.13,0.55,84159.12920386977,"DOE 2024 LA system BOL 55, interim 52, ultimate 48 kWh/kg; cases bracket these targets","DOE 2024 60,000 current and 80,000 target hours; World Bank 2026 60,000-90,000 current range; 100,000 is optimistic","Author-selected conditional stack-cost rate: 13% central, with 8% and 18% deterministic sensitivities; transferring published system-level evidence to replacement stacks is a modelling assumption, not an IEA stack-rate estimate","Only the rounded 4-GW end-2025 starting point is observed; later values are author-defined conditional scenarios, not probabilistic forecasts"
2040,T2_base,技术学习-基准,base,基准装机路径,700.0,0.13,0.55,0.05,0.6823605022627364,,0.9255892109966634,50.90740660481649,0.13,0.55,84555.56037110108,"DOE 2024 LA system BOL 55, interim 52, ultimate 48 kWh/kg; cases bracket these targets","DOE 2024 60,000 current and 80,000 target hours; World Bank 2026 60,000-90,000 current range; 100,000 is optimistic","Author-selected conditional stack-cost rate: 13% central, with 8% and 18% deterministic sensitivities; transferring published system-level evidence to replacement stacks is a modelling assumption, not an IEA stack-rate estimate","Only the rounded 4-GW end-2025 starting point is observed; later values are author-defined conditional scenarios, not probabilistic forecasts"
2041,T2_base,技术学习-基准,base,基准装机路径,770.0,0.13,0.55,0.05,0.6775647398454966,,0.9242160455421612,50.831882504818864,0.13,0.55,85008.70497108685,"DOE 2024 LA system BOL 55, interim 52, ultimate 48 kWh/kg; cases bracket these targets","DOE 2024 60,000 current and 80,000 target hours; World Bank 2026 60,000-90,000 current range; 100,000 is optimistic","Author-selected conditional stack-cost rate: 13% central, with 8% and 18% deterministic sensitivities; transferring published system-level evidence to replacement stacks is a modelling assumption, not an IEA stack-rate estimate","Only the rounded 4-GW end-2025 starting point is observed; later values are author-defined conditional scenarios, not probabilistic forecasts"
2042,T2_base,技术学习-基准,base,基准装机路径,840.0,0.13,0.55,0.05,0.6732159889254873,,0.9229624436994605,50.762934403470325,0.13,0.55,85422.39357917805,"DOE 2024 LA system BOL 55, interim 52, ultimate 48 kWh/kg; cases bracket these targets","DOE 2024 60,000 current and 80,000 target hours; World Bank 2026 60,000-90,000 current range; 100,000 is optimistic","Author-selected conditional stack-cost rate: 13% central, with 8% and 18% deterministic sensitivities; transferring published system-level evidence to replacement stacks is a modelling assumption, not an IEA stack-rate estimate","Only the rounded 4-GW end-2025 starting point is observed; later values are author-defined conditional scenarios, not probabilistic forecasts"
2043,T2_base,技术学习-基准,base,基准装机路径,910.0,0.13,0.55,0.05,0.6692401777294261,,0.9218092417929298,50.699508298611136,0.13,0.55,85802.95020833318,"DOE 2024 LA system BOL 55, interim 52, ultimate 48 kWh/kg; cases bracket these targets","DOE 2024 60,000 current and 80,000 target hours; World Bank 2026 60,000-90,000 current range; 100,000 is optimistic","Author-selected conditional stack-cost rate: 13% central, with 8% and 18% deterministic sensitivities; transferring published system-level evidence to replacement stacks is a modelling assumption, not an IEA stack-rate estimate","Only the rounded 4-GW end-2025 starting point is observed; later values are author-defined conditional scenarios, not probabilistic forecasts"
2044,T2_base,技术学习-基准,base,基准装机路径,980.0,0.13,0.55,0.05,0.665580087690738,,0.920741543594546,50.64078489770003,0.13,0.55,86155.2906137998,"DOE 2024 LA system BOL 55, interim 52, ultimate 48 kWh/kg; cases bracket these targets","DOE 2024 60,000 current and 80,000 target hours; World Bank 2026 60,000-90,000 current range; 100,000 is optimistic","Author-selected conditional stack-cost rate: 13% central, with 8% and 18% deterministic sensitivities; transferring published system-level evidence to replacement stacks is a modelling assumption, not an IEA stack-rate estimate","Only the rounded 4-GW end-2025 starting point is observed; later values are author-defined conditional scenarios, not probabilistic forecasts"
2045,T2_base,技术学习-基准,base,基准装机路径,1050.0,0.13,0.55,0.05,0.6621906200105985,,0.9197475403524233,50.58611471938328,0.13,0.55,86483.31168370029,"DOE 2024 LA system BOL 55, interim 52, ultimate 48 kWh/kg; cases bracket these targets","DOE 2024 60,000 current and 80,000 target hours; World Bank 2026 60,000-90,000 current range; 100,000 is optimistic","Author-selected conditional stack-cost rate: 13% central, with 8% and 18% deterministic sensitivities; transferring published system-level evidence to replacement stacks is a modelling assumption, not an IEA stack-rate estimate","Only the rounded 4-GW end-2025 starting point is observed; later values are author-defined conditional scenarios, not probabilistic forecasts"
2046,T2_base,技术学习-基准,base,基准装机路径,1120.0,0.13,0.55,0.05,0.6590356116956028,,0.9188177124170158,50.53497418293587,0.13,0.55,86790.15490238479,"DOE 2024 LA system BOL 55, interim 52, ultimate 48 kWh/kg; cases bracket these targets","DOE 2024 60,000 current and 80,000 target hours; World Bank 2026 60,000-90,000 current range; 100,000 is optimistic","Author-selected conditional stack-cost rate: 13% central, with 8% and 18% deterministic sensitivities; transferring published system-level evidence to replacement stacks is a modelling assumption, not an IEA stack-rate estimate","Only the rounded 4-GW end-2025 starting point is observed; later values are author-defined conditional scenarios, not probabilistic forecasts"
2047,T2_base,技术学习-基准,base,基准装机路径,1190.0,0.13,0.55,0.05,0.656085630530199,,0.9179442733306401,50.486935033185205,0.13,0.55,87078.38980088878,"DOE 2024 LA system BOL 55, interim 52, ultimate 48 kWh/kg; cases bracket these targets","DOE 2024 60,000 current and 80,000 target hours; World Bank 2026 60,000-90,000 current range; 100,000 is optimistic","Author-selected conditional stack-cost rate: 13% central, with 8% and 18% deterministic sensitivities; transferring published system-level evidence to replacement stacks is a modelling assumption, not an IEA stack-rate estimate","Only the rounded 4-GW end-2025 starting point is observed; later values are author-defined conditional scenarios, not probabilistic forecasts"
2048,T2_base,技术学习-基准,base,基准装机路径,1260.0,0.13,0.55,0.05,0.6533164091844909,,0.9171207730552203,50.44164251803712,0.13,0.55,87350.14489177728,"DOE 2024 LA system BOL 55, interim 52, ultimate 48 kWh/kg; cases bracket these targets","DOE 2024 60,000 current and 80,000 target hours; World Bank 2026 60,000-90,000 current range; 100,000 is optimistic","Author-selected conditional stack-cost rate: 13% central, with 8% and 18% deterministic sensitivities; transferring published system-level evidence to replacement stacks is a modelling assumption, not an IEA stack-rate estimate","Only the rounded 4-GW end-2025 starting point is observed; later values are author-defined conditional scenarios, not probabilistic forecasts"
2049,T2_base,技术学习-基准,base,基准装机路径,1330.0,0.13,0.55,0.05,0.6507077086279485,,0.9163418086190847,50.39879947404965,0.13,0.55,87607.20315570207,"DOE 2024 LA system BOL 55, interim 52, ultimate 48 kWh/kg; cases bracket these targets","DOE 2024 60,000 current and 80,000 target hours; World Bank 2026 60,000-90,000 current range; 100,000 is optimistic","Author-selected conditional stack-cost rate: 13% central, with 8% and 18% deterministic sensitivities; transferring published system-level evidence to replacement stacks is a modelling assumption, not an IEA stack-rate estimate","Only the rounded 4-GW end-2025 starting point is observed; later values are author-defined conditional scenarios, not probabilistic forecasts"
2050,T2_base,技术学习-基准,base,基准装机路径,1400.0,0.13,0.55,0.05,0.65,,0.9156028090699788,50.35815449884883,0.13,0.55,87851.07300690703,"DOE 2024 LA system BOL 55, interim 52, ultimate 48 kWh/kg; cases bracket these targets","DOE 2024 60,000 current and 80,000 target hours; World Bank 2026 60,000-90,000 current range; 100,000 is optimistic","Author-selected conditional stack-cost rate: 13% central, with 8% and 18% deterministic sensitivities; transferring published system-level evidence to replacement stacks is a modelling assumption, not an IEA stack-rate estimate","Only the rounded 4-GW end-2025 starting point is observed; later values are author-defined conditional scenarios, not probabilistic forecasts"
2051,T2_base,技术学习-基准,base,基准装机路径,1480.0,0.13,0.55,0.05,0.65,,0.914802195745418,50.31412076599799,0.13,0.55,88115.27540401206,"DOE 2024 LA system BOL 55, interim 52, ultimate 48 kWh/kg; cases bracket these targets","DOE 2024 60,000 current and 80,000 target hours; World Bank 2026 60,000-90,000 current range; 100,000 is optimistic","Author-selected conditional stack-cost rate: 13% central, with 8% and 18% deterministic sensitivities; transferring published system-level evidence to replacement stacks is a modelling assumption, not an IEA stack-rate estimate","Only the rounded 4-GW end-2025 starting point is observed; later values are author-defined conditional scenarios, not probabilistic forecasts"
2052,T2_base,技术学习-基准,base,基准装机路径,1560.0,0.13,0.55,0.05,0.65,,0.9140437399711595,50.27240569841377,0.13,0.55,88365.56580951737,"DOE 2024 LA system BOL 55, interim 52, ultimate 48 kWh/kg; cases bracket these targets","DOE 2024 60,000 current and 80,000 target hours; World Bank 2026 60,000-90,000 current range; 100,000 is optimistic","Author-selected conditional stack-cost rate: 13% central, with 8% and 18% deterministic sensitivities; transferring published system-level evidence to replacement stacks is a modelling assumption, not an IEA stack-rate estimate","Only the rounded 4-GW end-2025 starting point is observed; later values are author-defined conditional scenarios, not probabilistic forecasts"
2053,T2_base,技术学习-基准,base,基准装机路径,1640.0,0.13,0.55,0.05,0.65,,0.9133232232116776,50.23277727664227,0.13,0.55,88603.33634014642,"DOE 2024 LA system BOL 55, interim 52, ultimate 48 kWh/kg; cases bracket these targets","DOE 2024 60,000 current and 80,000 target hours; World Bank 2026 60,000-90,000 current range; 100,000 is optimistic","Author-selected conditional stack-cost rate: 13% central, with 8% and 18% deterministic sensitivities; transferring published system-level evidence to replacement stacks is a modelling assumption, not an IEA stack-rate estimate","Only the rounded 4-GW end-2025 starting point is observed; later values are author-defined conditional scenarios, not probabilistic forecasts"
2054,T2_base,技术学习-基准,base,基准装机路径,1720.0,0.13,0.55,0.05,0.65,,0.9126370300718507,50.19503665395179,0.13,0.55,88829.78007628926,"DOE 2024 LA system BOL 55, interim 52, ultimate 48 kWh/kg; cases bracket these targets","DOE 2024 60,000 current and 80,000 target hours; World Bank 2026 60,000-90,000 current range; 100,000 is optimistic","Author-selected conditional stack-cost rate: 13% central, with 8% and 18% deterministic sensitivities; transferring published system-level evidence to replacement stacks is a modelling assumption, not an IEA stack-rate estimate","Only the rounded 4-GW end-2025 starting point is observed; later values are author-defined conditional scenarios, not probabilistic forecasts"
2055,T2_base,技术学习-基准,base,基准装机路径,1800.0,0.13,0.55,0.05,0.65,,0.9119820385306531,50.15901211918592,0.13,0.55,89045.9272848845,"DOE 2024 LA system BOL 55, interim 52, ultimate 48 kWh/kg; cases bracket these targets","DOE 2024 60,000 current and 80,000 target hours; World Bank 2026 60,000-90,000 current range; 100,000 is optimistic","Author-selected conditional stack-cost rate: 13% central, with 8% and 18% deterministic sensitivities; transferring published system-level evidence to replacement stacks is a modelling assumption, not an IEA stack-rate estimate","Only the rounded 4-GW end-2025 starting point is observed; later values are author-defined conditional scenarios, not probabilistic forecasts"
2056,T2_base,技术学习-基准,base,基准装机路径,1880.0,0.13,0.55,0.05,0.65,,0.9113555340625741,50.124554373441576,0.13,0.55,89252.67375935054,"DOE 2024 LA system BOL 55, interim 52, ultimate 48 kWh/kg; cases bracket these targets","DOE 2024 60,000 current and 80,000 target hours; World Bank 2026 60,000-90,000 current range; 100,000 is optimistic","Author-selected conditional stack-cost rate: 13% central, with 8% and 18% deterministic sensitivities; transferring published system-level evidence to replacement stacks is a modelling assumption, not an IEA stack-rate estimate","Only the rounded 4-GW end-2025 starting point is observed; later values are author-defined conditional scenarios, not probabilistic forecasts"
2057,T2_base,技术学习-基准,base,基准装机路径,1960.0,0.13,0.55,0.05,0.65,,0.9107551416678614,50.09153279173238,0.13,0.55,89450.80324960574,"DOE 2024 LA system BOL 55, interim 52, ultimate 48 kWh/kg; cases bracket these targets","DOE 2024 60,000 current and 80,000 target hours; World Bank 2026 60,000-90,000 current range; 100,000 is optimistic","Author-selected conditional stack-cost rate: 13% central, with 8% and 18% deterministic sensitivities; transferring published system-level evidence to replacement stacks is a modelling assumption, not an IEA stack-rate estimate","Only the rounded 4-GW end-2025 starting point is observed; later values are author-defined conditional scenarios, not probabilistic forecasts"
2058,T2_base,技术学习-基准,base,基准装机路径,2040.0,0.13,0.55,0.05,0.65,,0.9101787715088698,50.05983243298784,0.13,0.55,89641.00540207297,"DOE 2024 LA system BOL 55, interim 52, ultimate 48 kWh/kg; cases bracket these targets","DOE 2024 60,000 current and 80,000 target hours; World Bank 2026 60,000-90,000 current range; 100,000 is optimistic","Author-selected conditional stack-cost rate: 13% central, with 8% and 18% deterministic sensitivities; transferring published system-level evidence to replacement stacks is a modelling assumption, not an IEA stack-rate estimate","Only the rounded 4-GW end-2025 starting point is observed; later values are author-defined conditional scenarios, not probabilistic forecasts"
2059,T2_base,技术学习-基准,base,基准装机路径,2120.0,0.13,0.55,0.05,0.65,,0.9096245750095624,50.02935162552593,0.13,0.55,89823.8902468444,"DOE 2024 LA system BOL 55, interim 52, ultimate 48 kWh/kg; cases bracket these targets","DOE 2024 60,000 current and 80,000 target hours; World Bank 2026 60,000-90,000 current range; 100,000 is optimistic","Author-selected conditional stack-cost rate: 13% central, with 8% and 18% deterministic sensitivities; transferring published system-level evidence to replacement stacks is a modelling assumption, not an IEA stack-rate estimate","Only the rounded 4-GW end-2025 starting point is observed; later values are author-defined conditional scenarios, not probabilistic forecasts"
2060,T2_base,技术学习-基准,base,基准装机路径,2200.0,0.13,0.55,0.05,0.65,,0.9090909090909091,50.0,0.13,0.55,90000.0,"DOE 2024 LA system BOL 55, interim 52, ultimate 48 kWh/kg; cases bracket these targets","DOE 2024 60,000 current and 80,000 target hours; World Bank 2026 60,000-90,000 current range; 100,000 is optimistic","Author-selected conditional stack-cost rate: 13% central, with 8% and 18% deterministic sensitivities; transferring published system-level evidence to replacement stacks is a modelling assumption, not an IEA stack-rate estimate","Only the rounded 4-GW end-2025 starting point is observed; later values are author-defined conditional scenarios, not probabilistic forecasts"
2026,T3_optimistic,技术学习-乐观,fast,高装机路径,4.0,0.18,1.0,0.08,1.0,,1.0,55.0,0.18,1.0,60000.0,"DOE 2024 LA system BOL 55, interim 52, ultimate 48 kWh/kg; cases bracket these targets","DOE 2024 60,000 current and 80,000 target hours; World Bank 2026 60,000-90,000 current range; 100,000 is optimistic","Author-selected conditional stack-cost rate: 13% central, with 8% and 18% deterministic sensitivities; transferring published system-level evidence to replacement stacks is a modelling assumption, not an IEA stack-rate estimate","Only the rounded 4-GW end-2025 starting point is observed; later values are author-defined conditional scenarios, not probabilistic forecasts"
2027,T3_optimistic,技术学习-乐观,fast,高装机路径,70.0,0.18,0.45,0.08,0.7087118435024112,,0.946225557609351,52.042405668514306,0.18,0.4406695117386035,76900.53903706113,"DOE 2024 LA system BOL 55, interim 52, ultimate 48 kWh/kg; cases bracket these targets","DOE 2024 60,000 current and 80,000 target hours; World Bank 2026 60,000-90,000 current range; 100,000 is optimistic","Author-selected conditional stack-cost rate: 13% central, with 8% and 18% deterministic sensitivities; transferring published system-level evidence to replacement stacks is a modelling assumption, not an IEA stack-rate estimate","Only the rounded 4-GW end-2025 starting point is observed; later values are author-defined conditional scenarios, not probabilistic forecasts"
2028,T3_optimistic,技术学习-乐观,fast,高装机路径,120.0,0.18,0.45,0.08,0.6642182905196893,,0.936099002037892,51.48544511208406,0.18,0.4,80083.1707880911,"DOE 2024 LA system BOL 55, interim 52, ultimate 48 kWh/kg; cases bracket these targets","DOE 2024 60,000 current and 80,000 target hours; World Bank 2026 60,000-90,000 current range; 100,000 is optimistic","Author-selected conditional stack-cost rate: 13% central, with 8% and 18% deterministic sensitivities; transferring published system-level evidence to replacement stacks is a modelling assumption, not an IEA stack-rate estimate","Only the rounded 4-GW end-2025 starting point is observed; later values are author-defined conditional scenarios, not probabilistic forecasts"
2029,T3_optimistic,技术学习-乐观,fast,高装机路径,170.0,0.18,0.45,0.08,0.6369629937793232,,0.929555087391649,51.1255298065407,0.18,0.4,82139.82967691029,"DOE 2024 LA system BOL 55, interim 52, ultimate 48 kWh/kg; cases bracket these targets","DOE 2024 60,000 current and 80,000 target hours; World Bank 2026 60,000-90,000 current range; 100,000 is optimistic","Author-selected conditional stack-cost rate: 13% central, with 8% and 18% deterministic sensitivities; transferring published system-level evidence to replacement stacks is a modelling assumption, not an IEA stack-rate estimate","Only the rounded 4-GW end-2025 starting point is observed; later values are author-defined conditional scenarios, not probabilistic forecasts"
2030,T3_optimistic,技术学习-乐观,fast,高装机路径,220.0,0.18,0.45,0.08,0.617510581392145,,0.9247110470319467,50.85910758675707,0.18,0.4,83662.24236138818,"DOE 2024 LA system BOL 55, interim 52, ultimate 48 kWh/kg; cases bracket these targets","DOE 2024 60,000 current and 80,000 target hours; World Bank 2026 60,000-90,000 current range; 100,000 is optimistic","Author-selected conditional stack-cost rate: 13% central, with 8% and 18% deterministic sensitivities; transferring published system-level evidence to replacement stacks is a modelling assumption, not an IEA stack-rate estimate","Only the rounded 4-GW end-2025 starting point is observed; later values are author-defined conditional scenarios, not probabilistic forecasts"
2031,T3_optimistic,技术学习-乐观,fast,高装机路径,318.0,0.18,0.45,0.08,0.5907405628793371,,0.9177891756499158,50.47840466074537,0.18,0.4,85837.68765288363,"DOE 2024 LA system BOL 55, interim 52, ultimate 48 kWh/kg; cases bracket these targets","DOE 2024 60,000 current and 80,000 target hours; World Bank 2026 60,000-90,000 current range; 100,000 is optimistic","Author-selected conditional stack-cost rate: 13% central, with 8% and 18% deterministic sensitivities; transferring published system-level evidence to replacement stacks is a modelling assumption, not an IEA stack-rate estimate","Only the rounded 4-GW end-2025 starting point is observed; later values are author-defined conditional scenarios, not probabilistic forecasts"
2032,T3_optimistic,技术学习-乐观,fast,高装机路径,416.0,0.18,0.45,0.08,0.5719558680727975,,0.9127421375244532,50.20081756384493,0.18,0.4,87423.89963517184,"DOE 2024 LA system BOL 55, interim 52, ultimate 48 kWh/kg; cases bracket these targets","DOE 2024 60,000 current and 80,000 target hours; World Bank 2026 60,000-90,000 current range; 100,000 is optimistic","Author-selected conditional stack-cost rate: 13% central, with 8% and 18% deterministic sensitivities; transferring published system-level evidence to replacement stacks is a modelling assumption, not an IEA stack-rate estimate","Only the rounded 4-GW end-2025 starting point is observed; later values are author-defined conditional scenarios, not probabilistic forecasts"
2033,T3_optimistic,技术学习-乐观,fast,高装机路径,514.0,0.18,0.45,0.08,0.5575850414660736,,0.9087678049227393,49.982229270750665,0.18,0.4,88672.9755957105,"DOE 2024 LA system BOL 55, interim 52, ultimate 48 kWh/kg; cases bracket these targets","DOE 2024 60,000 current and 80,000 target hours; World Bank 2026 60,000-90,000 current range; 100,000 is optimistic","Author-selected conditional stack-cost rate: 13% central, with 8% and 18% deterministic sensitivities; transferring published system-level evidence to replacement stacks is a modelling assumption, not an IEA stack-rate estimate","Only the rounded 4-GW end-2025 starting point is observed; later values are author-defined conditional scenarios, not probabilistic forecasts"
2034,T3_optimistic,技术学习-乐观,fast,高装机路径,612.0,0.18,0.45,0.08,0.5460019810110641,,0.9054891653461413,49.80190409403777,0.18,0.4,89703.40517692702,"DOE 2024 LA system BOL 55, interim 52, ultimate 48 kWh/kg; cases bracket these targets","DOE 2024 60,000 current and 80,000 target hours; World Bank 2026 60,000-90,000 current range; 100,000 is optimistic","Author-selected conditional stack-cost rate: 13% central, with 8% and 18% deterministic sensitivities; transferring published system-level evidence to replacement stacks is a modelling assumption, not an IEA stack-rate estimate","Only the rounded 4-GW end-2025 starting point is observed; later values are author-defined conditional scenarios, not probabilistic forecasts"
2035,T3_optimistic,技术学习-乐观,fast,高装机路径,710.0,0.18,0.45,0.08,0.5363328612592837,,0.9026985637145248,49.64842100429887,0.18,0.4,90580.45140400647,"DOE 2024 LA system BOL 55, interim 52, ultimate 48 kWh/kg; cases bracket these targets","DOE 2024 60,000 current and 80,000 target hours; World Bank 2026 60,000-90,000 current range; 100,000 is optimistic","Author-selected conditional stack-cost rate: 13% central, with 8% and 18% deterministic sensitivities; transferring published system-level evidence to replacement stacks is a modelling assumption, not an IEA stack-rate estimate","Only the rounded 4-GW end-2025 starting point is observed; later values are author-defined conditional scenarios, not probabilistic forecasts"
2036,T3_optimistic,技术学习-乐观,fast,高装机路径,808.0,0.18,0.45,0.08,0.5280554430419317,,0.9002693565675418,49.5148146112148,0.18,0.4,91343.91650734397,"DOE 2024 LA system BOL 55, interim 52, ultimate 48 kWh/kg; cases bracket these targets","DOE 2024 60,000 current and 80,000 target hours; World Bank 2026 60,000-90,000 current range; 100,000 is optimistic","Author-selected conditional stack-cost rate: 13% central, with 8% and 18% deterministic sensitivities; transferring published system-level evidence to replacement stacks is a modelling assumption, not an IEA stack-rate estimate","Only the rounded 4-GW end-2025 starting point is observed; later values are author-defined conditional scenarios, not probabilistic forecasts"
2037,T3_optimistic,技术学习-乐观,fast,高装机路径,906.0,0.18,0.45,0.08,0.5208334574185419,,0.8981185815492956,49.39652198521126,0.18,0.4,92019.87437022137,"DOE 2024 LA system BOL 55, interim 52, ultimate 48 kWh/kg; cases bracket these targets","DOE 2024 60,000 current and 80,000 target hours; World Bank 2026 60,000-90,000 current range; 100,000 is optimistic","Author-selected conditional stack-cost rate: 13% central, with 8% and 18% deterministic sensitivities; transferring published system-level evidence to replacement stacks is a modelling assumption, not an IEA stack-rate estimate","Only the rounded 4-GW end-2025 starting point is observed; later values are author-defined conditional scenarios, not probabilistic forecasts"
2038,T3_optimistic,技术学习-乐观,fast,高装机路径,1004.0,0.18,0.45,0.08,0.5144380561037081,,0.8961889248454514,49.29039086649983,0.18,0.4,92626.33790571528,"DOE 2024 LA system BOL 55, interim 52, ultimate 48 kWh/kg; cases bracket these targets","DOE 2024 60,000 current and 80,000 target hours; World Bank 2026 60,000-90,000 current range; 100,000 is optimistic","Author-selected conditional stack-cost rate: 13% central, with 8% and 18% deterministic sensitivities; transferring published system-level evidence to replacement stacks is a modelling assumption, not an IEA stack-rate estimate","Only the rounded 4-GW end-2025 starting point is observed; later values are author-defined conditional scenarios, not probabilistic forecasts"
2039,T3_optimistic,技术学习-乐观,fast,高装机路径,1102.0,0.18,0.45,0.08,0.5087066812059056,,0.8944391294253008,49.19415211839154,0.18,0.4,93176.27360919121,"DOE 2024 LA system BOL 55, interim 52, ultimate 48 kWh/kg; cases bracket these targets","DOE 2024 60,000 current and 80,000 target hours; World Bank 2026 60,000-90,000 current range; 100,000 is optimistic","Author-selected conditional stack-cost rate: 13% central, with 8% and 18% deterministic sensitivities; transferring published system-level evidence to replacement stacks is a modelling assumption, not an IEA stack-rate estimate","Only the rounded 4-GW end-2025 starting point is observed; later values are author-defined conditional scenarios, not probabilistic forecasts"
2040,T3_optimistic,技术学习-乐观,fast,高装机路径,1200.0,0.18,0.45,0.08,0.50351985074902,,0.8928385061524438,49.10611783838441,0.18,0.4,93679.3266378034,"DOE 2024 LA system BOL 55, interim 52, ultimate 48 kWh/kg; cases bracket these targets","DOE 2024 60,000 current and 80,000 target hours; World Bank 2026 60,000-90,000 current range; 100,000 is optimistic","Author-selected conditional stack-cost rate: 13% central, with 8% and 18% deterministic sensitivities; transferring published system-level evidence to replacement stacks is a modelling assumption, not an IEA stack-rate estimate","Only the rounded 4-GW end-2025 starting point is observed; later values are author-defined conditional scenarios, not probabilistic forecasts"
2041,T3_optimistic,技术学习-乐观,fast,高装机路径,1330.0,0.18,0.45,0.08,0.5,,0.890906042716829,48.999832349425596,0.18,0.4,94286.67228899657,"DOE 2024 LA system BOL 55, interim 52, ultimate 48 kWh/kg; cases bracket these targets","DOE 2024 60,000 current and 80,000 target hours; World Bank 2026 60,000-90,000 current range; 100,000 is optimistic","Author-selected conditional stack-cost rate: 13% central, with 8% and 18% deterministic sensitivities; transferring published system-level evidence to replacement stacks is a modelling assumption, not an IEA stack-rate estimate","Only the rounded 4-GW end-2025 starting point is observed; later values are author-defined conditional scenarios, not probabilistic forecasts"
2042,T3_optimistic,技术学习-乐观,fast,高装机路径,1460.0,0.18,0.45,0.08,0.5,,0.8891539400798674,48.903466704392706,0.18,0.4,94837.33311775597,"DOE 2024 LA system BOL 55, interim 52, ultimate 48 kWh/kg; cases bracket these targets","DOE 2024 60,000 current and 80,000 target hours; World Bank 2026 60,000-90,000 current range; 100,000 is optimistic","Author-selected conditional stack-cost rate: 13% central, with 8% and 18% deterministic sensitivities; transferring published system-level evidence to replacement stacks is a modelling assumption, not an IEA stack-rate estimate","Only the rounded 4-GW end-2025 starting point is observed; later values are author-defined conditional scenarios, not probabilistic forecasts"
2043,T3_optimistic,技术学习-乐观,fast,高装机路径,1590.0,0.18,0.45,0.08,0.5,,0.8875513866532857,48.815326265930715,0.18,0.4,95340.99276611021,"DOE 2024 LA system BOL 55, interim 52, ultimate 48 kWh/kg; cases bracket these targets","DOE 2024 60,000 current and 80,000 target hours; World Bank 2026 60,000-90,000 current range; 100,000 is optimistic","Author-selected conditional stack-cost rate: 13% central, with 8% and 18% deterministic sensitivities; transferring published system-level evidence to replacement stacks is a modelling assumption, not an IEA stack-rate estimate","Only the rounded 4-GW end-2025 starting point is observed; later values are author-defined conditional scenarios, not probabilistic forecasts"
2044,T3_optimistic,技术学习-乐观,fast,高装机路径,1720.0,0.18,0.45,0.08,0.5,,0.8860748487129416,48.73411667921179,0.18,0.4,95805.0475473612,"DOE 2024 LA system BOL 55, interim 52, ultimate 48 kWh/kg; cases bracket these targets","DOE 2024 60,000 current and 80,000 target hours; World Bank 2026 60,000-90,000 current range; 100,000 is optimistic","Author-selected conditional stack-cost rate: 13% central, with 8% and 18% deterministic sensitivities; transferring published system-level evidence to replacement stacks is a modelling assumption, not an IEA stack-rate estimate","Only the rounded 4-GW end-2025 starting point is observed; later values are author-defined conditional scenarios, not probabilistic forecasts"
2045,T3_optimistic,技术学习-乐观,fast,高装机路径,1850.0,0.18,0.45,0.08,0.5,,0.884705944664005,48.65882695652027,0.18,0.4,96235.27453416985,"DOE 2024 LA system BOL 55, interim 52, ultimate 48 kWh/kg; cases bracket these targets","DOE 2024 60,000 current and 80,000 target hours; World Bank 2026 60,000-90,000 current range; 100,000 is optimistic","Author-selected conditional stack-cost rate: 13% central, with 8% and 18% deterministic sensitivities; transferring published system-level evidence to replacement stacks is a modelling assumption, not an IEA stack-rate estimate","Only the rounded 4-GW end-2025 starting point is observed; later values are author-defined conditional scenarios, not probabilistic forecasts"
2046,T3_optimistic,技术学习-乐观,fast,高装机路径,1980.0,0.18,0.45,0.08,0.5,,0.8834300428786269,48.58865235832448,0.18,0.4,96636.2722381458,"DOE 2024 LA system BOL 55, interim 52, ultimate 48 kWh/kg; cases bracket these targets","DOE 2024 60,000 current and 80,000 target hours; World Bank 2026 60,000-90,000 current range; 100,000 is optimistic","Author-selected conditional stack-cost rate: 13% central, with 8% and 18% deterministic sensitivities; transferring published system-level evidence to replacement stacks is a modelling assumption, not an IEA stack-rate estimate","Only the rounded 4-GW end-2025 starting point is observed; later values are author-defined conditional scenarios, not probabilistic forecasts"
2047,T3_optimistic,技术学习-乐观,fast,高装机路径,2110.0,0.18,0.45,0.08,0.5,,0.8822353062981627,48.52294184639895,0.18,0.4,97011.76087772025,"DOE 2024 LA system BOL 55, interim 52, ultimate 48 kWh/kg; cases bracket these targets","DOE 2024 60,000 current and 80,000 target hours; World Bank 2026 60,000-90,000 current range; 100,000 is optimistic","Author-selected conditional stack-cost rate: 13% central, with 8% and 18% deterministic sensitivities; transferring published system-level evidence to replacement stacks is a modelling assumption, not an IEA stack-rate estimate","Only the rounded 4-GW end-2025 starting point is observed; later values are author-defined conditional scenarios, not probabilistic forecasts"
2048,T3_optimistic,技术学习-乐观,fast,高装机路径,2240.0,0.18,0.45,0.08,0.5,,0.8811120231652603,48.461161274089314,0.18,0.4,97364.79271948963,"DOE 2024 LA system BOL 55, interim 52, ultimate 48 kWh/kg; cases bracket these targets","DOE 2024 60,000 current and 80,000 target hours; World Bank 2026 60,000-90,000 current range; 100,000 is optimistic","Author-selected conditional stack-cost rate: 13% central, with 8% and 18% deterministic sensitivities; transferring published system-level evidence to replacement stacks is a modelling assumption, not an IEA stack-rate estimate","Only the rounded 4-GW end-2025 starting point is observed; later values are author-defined conditional scenarios, not probabilistic forecasts"
2049,T3_optimistic,技术学习-乐观,fast,高装机路径,2370.0,0.18,0.45,0.08,0.5,,0.880052126840643,48.402866976235366,0.18,0.4,97697.90299294076,"DOE 2024 LA system BOL 55, interim 52, ultimate 48 kWh/kg; cases bracket these targets","DOE 2024 60,000 current and 80,000 target hours; World Bank 2026 60,000-90,000 current range; 100,000 is optimistic","Author-selected conditional stack-cost rate: 13% central, with 8% and 18% deterministic sensitivities; transferring published system-level evidence to replacement stacks is a modelling assumption, not an IEA stack-rate estimate","Only the rounded 4-GW end-2025 starting point is observed; later values are author-defined conditional scenarios, not probabilistic forecasts"
2050,T3_optimistic,技术学习-乐观,fast,高装机路径,2500.0,0.18,0.45,0.08,0.5,,0.8790488440134798,48.34768642074139,0.18,0.4,98013.22045290636,"DOE 2024 LA system BOL 55, interim 52, ultimate 48 kWh/kg; cases bracket these targets","DOE 2024 60,000 current and 80,000 target hours; World Bank 2026 60,000-90,000 current range; 100,000 is optimistic","Author-selected conditional stack-cost rate: 13% central, with 8% and 18% deterministic sensitivities; transferring published system-level evidence to replacement stacks is a modelling assumption, not an IEA stack-rate estimate","Only the rounded 4-GW end-2025 starting point is observed; later values are author-defined conditional scenarios, not probabilistic forecasts"
2051,T3_optimistic,技术学习-乐观,fast,高装机路径,2600.0,0.18,0.45,0.08,0.5,,0.8783119733088295,48.30715853198562,0.18,0.4,98244.8083886536,"DOE 2024 LA system BOL 55, interim 52, ultimate 48 kWh/kg; cases bracket these targets","DOE 2024 60,000 current and 80,000 target hours; World Bank 2026 60,000-90,000 current range; 100,000 is optimistic","Author-selected conditional stack-cost rate: 13% central, with 8% and 18% deterministic sensitivities; transferring published system-level evidence to replacement stacks is a modelling assumption, not an IEA stack-rate estimate","Only the rounded 4-GW end-2025 starting point is observed; later values are author-defined conditional scenarios, not probabilistic forecasts"
2052,T3_optimistic,技术学习-乐观,fast,高装机路径,2700.0,0.18,0.45,0.08,0.5,,0.8776029157767603,48.26816036772182,0.18,0.4,98467.6550415896,"DOE 2024 LA system BOL 55, interim 52, ultimate 48 kWh/kg; cases bracket these targets","DOE 2024 60,000 current and 80,000 target hours; World Bank 2026 60,000-90,000 current range; 100,000 is optimistic","Author-selected conditional stack-cost rate: 13% central, with 8% and 18% deterministic sensitivities; transferring published system-level evidence to replacement stacks is a modelling assumption, not an IEA stack-rate estimate","Only the rounded 4-GW end-2025 starting point is observed; later values are author-defined conditional scenarios, not probabilistic forecasts"
2053,T3_optimistic,技术学习-乐观,fast,高装机路径,2800.0,0.18,0.45,0.08,0.5,,0.8769196479462664,48.23058063704465,0.18,0.4,98682.39635974482,"DOE 2024 LA system BOL 55, interim 52, ultimate 48 kWh/kg; cases bracket these targets","DOE 2024 60,000 current and 80,000 target hours; World Bank 2026 60,000-90,000 current range; 100,000 is optimistic","Author-selected conditional stack-cost rate: 13% central, with 8% and 18% deterministic sensitivities; transferring published system-level evidence to replacement stacks is a modelling assumption, not an IEA stack-rate estimate","Only the rounded 4-GW end-2025 starting point is observed; later values are author-defined conditional scenarios, not probabilistic forecasts"
2054,T3_optimistic,技术学习-乐观,fast,高装机路径,2900.0,0.18,0.45,0.08,0.5,,0.8762603594357443,48.19431976896594,0.18,0.4,98889.60132019462,"DOE 2024 LA system BOL 55, interim 52, ultimate 48 kWh/kg; cases bracket these targets","DOE 2024 60,000 current and 80,000 target hours; World Bank 2026 60,000-90,000 current range; 100,000 is optimistic","Author-selected conditional stack-cost rate: 13% central, with 8% and 18% deterministic sensitivities; transferring published system-level evidence to replacement stacks is a modelling assumption, not an IEA stack-rate estimate","Only the rounded 4-GW end-2025 starting point is observed; later values are author-defined conditional scenarios, not probabilistic forecasts"
2055,T3_optimistic,技术学习-乐观,fast,高装机路径,3000.0,0.18,0.45,0.08,0.5,,0.8756234240446318,48.15928832245475,0.18,0.4,99089.78101454428,"DOE 2024 LA system BOL 55, interim 52, ultimate 48 kWh/kg; cases bracket these targets","DOE 2024 60,000 current and 80,000 target hours; World Bank 2026 60,000-90,000 current range; 100,000 is optimistic","Author-selected conditional stack-cost rate: 13% central, with 8% and 18% deterministic sensitivities; transferring published system-level evidence to replacement stacks is a modelling assumption, not an IEA stack-rate estimate","Only the rounded 4-GW end-2025 starting point is observed; later values are author-defined conditional scenarios, not probabilistic forecasts"
2056,T3_optimistic,技术学习-乐观,fast,高装机路径,3100.0,0.18,0.45,0.08,0.5,,0.8750073755869072,48.1254056572799,0.18,0.4,99283.39624411486,"DOE 2024 LA system BOL 55, interim 52, ultimate 48 kWh/kg; cases bracket these targets","DOE 2024 60,000 current and 80,000 target hours; World Bank 2026 60,000-90,000 current range; 100,000 is optimistic","Author-selected conditional stack-cost rate: 13% central, with 8% and 18% deterministic sensitivities; transferring published system-level evidence to replacement stacks is a modelling assumption, not an IEA stack-rate estimate","Only the rounded 4-GW end-2025 starting point is observed; later values are author-defined conditional scenarios, not probabilistic forecasts"
2057,T3_optimistic,技术学习-乐观,fast,高装机路径,3200.0,0.18,0.45,0.08,0.5,,0.8744108875626492,48.092598815945706,0.18,0.4,99470.8639088817,"DOE 2024 LA system BOL 55, interim 52, ultimate 48 kWh/kg; cases bracket these targets","DOE 2024 60,000 current and 80,000 target hours; World Bank 2026 60,000-90,000 current range; 100,000 is optimistic","Author-selected conditional stack-cost rate: 13% central, with 8% and 18% deterministic sensitivities; transferring published system-level evidence to replacement stacks is a modelling assumption, not an IEA stack-rate estimate","Only the rounded 4-GW end-2025 starting point is observed; later values are author-defined conditional scenarios, not probabilistic forecasts"
2058,T3_optimistic,技术学习-乐观,fast,高装机路径,3300.0,0.18,0.45,0.08,0.5,,0.8738327559586568,48.060801577726124,0.18,0.4,99652.56241299357,"DOE 2024 LA system BOL 55, interim 52, ultimate 48 kWh/kg; cases bracket these targets","DOE 2024 60,000 current and 80,000 target hours; World Bank 2026 60,000-90,000 current range; 100,000 is optimistic","Author-selected conditional stack-cost rate: 13% central, with 8% and 18% deterministic sensitivities; transferring published system-level evidence to replacement stacks is a modelling assumption, not an IEA stack-rate estimate","Only the rounded 4-GW end-2025 starting point is observed; later values are author-defined conditional scenarios, not probabilistic forecasts"
2059,T3_optimistic,技术学习-乐观,fast,高装机路径,3400.0,0.18,0.45,0.08,0.5,,0.8732718846173827,48.02995365395605,0.18,0.4,99828.83626310829,"DOE 2024 LA system BOL 55, interim 52, ultimate 48 kWh/kg; cases bracket these targets","DOE 2024 60,000 current and 80,000 target hours; World Bank 2026 60,000-90,000 current range; 100,000 is optimistic","Author-selected conditional stack-cost rate: 13% central, with 8% and 18% deterministic sensitivities; transferring published system-level evidence to replacement stacks is a modelling assumption, not an IEA stack-rate estimate","Only the rounded 4-GW end-2025 starting point is observed; later values are author-defined conditional scenarios, not probabilistic forecasts"
2060,T3_optimistic,技术学习-乐观,fast,高装机路径,3500.0,0.18,0.45,0.08,0.5,,0.8727272727272727,48.0,0.18,0.4,100000.0,"DOE 2024 LA system BOL 55, interim 52, ultimate 48 kWh/kg; cases bracket these targets","DOE 2024 60,000 current and 80,000 target hours; World Bank 2026 60,000-90,000 current range; 100,000 is optimistic","Author-selected conditional stack-cost rate: 13% central, with 8% and 18% deterministic sensitivities; transferring published system-level evidence to replacement stacks is a modelling assumption, not an IEA stack-rate estimate","Only the rounded 4-GW end-2025 starting point is observed; later values are author-defined conditional scenarios, not probabilistic forecasts"
