year,learning_strength,source_case_id,cumulative_electrolyzer_gw,energy_factor,stack_life_hours,stack_cost_factor,new_build_equipment_factor,new_build_bop_epc_factor
2026,conservative,T1_conservative,4.0,1.0,60000.0,1.0,1.0,1.0
2027,conservative,T1_conservative,35.0,0.978572334065173,67856.81084276992,0.7703389603287077,0.7703389603287077,0.9387369392609516
2028,conservative,T1_conservative,50.0,0.9750488106297042,69148.76943577515,0.73798587668651,0.73798587668651,0.929028595115026
2029,conservative,T1_conservative,65.0,0.9724569643276564,70099.11307985937,0.7150580863089392,0.7150580863089392,0.9219514448635986
2030,conservative,T1_conservative,80.0,0.9704057348248414,70851.23056422485,0.6974187090311188,0.6974187090311188,0.9163887100714188
2031,conservative,T1_conservative,102.0,0.9680057160726456,71731.23744002993,0.6773315833031583,0.6773315833031583,0.9099226877045886
2032,conservative,T1_conservative,124.0,0.966076298327864,72438.69061311653,0.661603490553042,0.661603490553042,0.9047576347524252
2033,conservative,T1_conservative,146.0,0.9644628413902272,73030.29149025009,0.65,0.65,0.9004609261480626
2034,conservative,T1_conservative,168.0,0.9630762779447626,73538.6980869204,0.65,0.65,0.8967847514523837
2035,conservative,T1_conservative,190.0,0.9618605908656176,73984.45001594021,0.65,0.65,0.8935739685343855
2036,conservative,T1_conservative,212.0,0.960778246858136,74381.30948535014,0.65,0.65,0.8907250362033403
2037,conservative,T1_conservative,234.0,0.9598028642837068,74738.9497626408,0.65,0.65,0.8881654282404139
2038,conservative,T1_conservative,256.0,0.9589151908239744,75064.43003120947,0.65,0.65,0.8858423808639999
2039,conservative,T1_conservative,278.0,0.9581007456113012,75363.05994252284,0.65,0.65,0.8837163175587408
2040,conservative,T1_conservative,300.0,0.9573483621181522,75638.93389001083,0.65,0.65,0.8817567973734576
2041,conservative,T1_conservative,340.0,0.9561118994090388,76092.3035500191,0.65,0.65,0.878545966245231
2042,conservative,T1_conservative,380.0,0.9550131226696132,76495.18835447512,0.65,0.65,0.8757024891636979
2043,conservative,T1_conservative,420.0,0.9540244173576168,76857.71363554052,0.65,0.65,0.8731517284413465
2044,conservative,T1_conservative,460.0,0.9531257245900944,77187.23431696535,0.65,0.65,0.8708396376956891
2045,conservative,T1_conservative,500.0,0.9523020136505498,77489.26166146509,0.65,0.65,0.8687258325478786
2046,conservative,T1_conservative,540.0,0.9515417302702072,77768.03223425735,0.65,0.65,0.8667793487989879
2047,conservative,T1_conservative,580.0,0.9508358008559206,78026.8730194958,0.65,0.65,0.8649759275045882
2048,conservative,T1_conservative,620.0,0.950176969544714,78268.44450027157,0.65,0.65,0.8632962118263671
2049,conservative,T1_conservative,660.0,0.9495593429164316,78494.90759730835,0.65,0.65,0.8617245114356735
2050,conservative,T1_conservative,700.0,0.9489780688900142,78708.04140699477,0.65,0.65,0.8602479328657353
2051,conservative,T1_conservative,730.0,0.9485635126070768,78860.04537740513,0.65,0.65,0.8591964041883988
2052,conservative,T1_conservative,760.0,0.9481656544736088,79005.92669301003,0.65,0.65,0.8581884393804239
2053,conservative,T1_conservative,790.0,0.9477832012251272,79146.15955078666,0.65,0.65,0.8572206172260224
2054,conservative,T1_conservative,820.0,0.9474150042567884,79281.16510584422,0.65,0.65,0.8562899026974934
2055,conservative,T1_conservative,850.0,0.947060038821893,79411.31909863921,0.65,0.65,0.8553935910482828
2056,conservative,T1_conservative,880.0,0.9467173868399706,79536.9581586774,0.65,0.65,0.8545292616587609
2057,conservative,T1_conservative,910.0,0.9463862225879665,79658.38505107899,0.65,0.65,0.8536947396633056
2058,conservative,T1_conservative,940.0,0.9460658007131072,79775.87307186068,0.65,0.65,0.8528880638368426
2059,conservative,T1_conservative,970.0,0.9457554461295776,79889.66975248826,0.65,0.65,0.8521074595551223
2060,conservative,T1_conservative,1000.0,0.9454545454545454,80000.0,0.65,0.65,0.851351315896921
2026,base,T2_base,4.0,1.0,60000.0,1.0,1.0,1.0
2027,base,T2_base,50.0,0.9636109875258716,72008.3741164623,0.6020282270085557,0.6020282270085557,0.8295222152229293
2028,base,T2_base,80.0,0.9568394889462242,74242.968647746,0.55,0.55,0.8011669472539883
2029,base,T2_base,110.0,0.9522514201446848,75757.031352254,0.55,0.55,0.7825075630627747
2030,base,T2_base,140.0,0.94877691819707,76903.61699496696,0.55,0.55,0.768666699747022
2031,base,T2_base,196.0,0.9439292507949524,78503.34723766569,0.55,0.55,0.7497638678177517
2032,base,T2_base,252.0,0.9403084802556269,79698.20151564316,0.55,0.55,0.7359490569474036
2033,base,T2_base,308.0,0.9374173508158828,80652.27423075866,0.55,0.55,0.7251011425473414
2034,base,T2_base,364.0,0.9350105470666517,81446.51946800499,0.55,0.55,0.7161925480668415
2035,base,T2_base,420.0,0.9329488456261452,82126.88094337212,0.55,0.55,0.7086484093952498
2036,base,T2_base,476.0,0.931145578604362,82721.95906056059,0.55,0.55,0.7021151077236094
2037,base,T2_base,532.0,0.9295431138928064,83250.7724153739,0.55,0.55,0.6963598830394834
2038,base,T2_base,588.0,0.9281011782240278,83726.61118607083,0.55,0.55,0.6912215301195486
2039,base,T2_base,644.0,0.926790517564031,84159.12920386977,0.55,0.55,0.686583879095038
2040,base,T2_base,700.0,0.9255892109966634,84555.56037110108,0.55,0.55,0.6823605022627364
2041,base,T2_base,770.0,0.9242160455421612,85008.70497108685,0.55,0.55,0.6775647398454966
2042,base,T2_base,840.0,0.9229624436994605,85422.39357917805,0.55,0.55,0.6732159889254873
2043,base,T2_base,910.0,0.9218092417929298,85802.95020833318,0.55,0.55,0.6692401777294261
2044,base,T2_base,980.0,0.920741543594546,86155.2906137998,0.55,0.55,0.665580087690738
2045,base,T2_base,1050.0,0.9197475403524232,86483.31168370029,0.55,0.55,0.6621906200105985
2046,base,T2_base,1120.0,0.9188177124170158,86790.15490238479,0.55,0.55,0.6590356116956028
2047,base,T2_base,1190.0,0.91794427333064,87078.38980088878,0.55,0.55,0.656085630530199
2048,base,T2_base,1260.0,0.9171207730552204,87350.14489177728,0.55,0.55,0.6533164091844909
2049,base,T2_base,1330.0,0.9163418086190848,87607.20315570207,0.55,0.55,0.6507077086279485
2050,base,T2_base,1400.0,0.9156028090699788,87851.07300690703,0.55,0.55,0.65
2051,base,T2_base,1480.0,0.914802195745418,88115.27540401206,0.55,0.55,0.65
2052,base,T2_base,1560.0,0.9140437399711596,88365.56580951737,0.55,0.55,0.65
2053,base,T2_base,1640.0,0.9133232232116776,88603.33634014642,0.55,0.55,0.65
2054,base,T2_base,1720.0,0.9126370300718508,88829.78007628926,0.55,0.55,0.65
2055,base,T2_base,1800.0,0.9119820385306532,89045.9272848845,0.55,0.55,0.65
2056,base,T2_base,1880.0,0.911355534062574,89252.67375935054,0.55,0.55,0.65
2057,base,T2_base,1960.0,0.9107551416678614,89450.80324960574,0.55,0.55,0.65
2058,base,T2_base,2040.0,0.9101787715088698,89641.00540207297,0.55,0.55,0.65
2059,base,T2_base,2120.0,0.9096245750095624,89823.8902468444,0.55,0.55,0.65
2060,base,T2_base,2200.0,0.9090909090909092,90000.0,0.55,0.55,0.65
2026,optimistic,T3_optimistic,4.0,1.0,60000.0,1.0,1.0,1.0
2027,optimistic,T3_optimistic,70.0,0.946225557609351,76900.53903706113,0.4406695117386035,0.45,0.7087118435024112
2028,optimistic,T3_optimistic,120.0,0.936099002037892,80083.1707880911,0.4,0.45,0.6642182905196893
2029,optimistic,T3_optimistic,170.0,0.929555087391649,82139.82967691029,0.4,0.45,0.6369629937793232
2030,optimistic,T3_optimistic,220.0,0.9247110470319468,83662.24236138818,0.4,0.45,0.617510581392145
2031,optimistic,T3_optimistic,318.0,0.9177891756499158,85837.68765288363,0.4,0.45,0.5907405628793371
2032,optimistic,T3_optimistic,416.0,0.9127421375244532,87423.89963517184,0.4,0.45,0.5719558680727975
2033,optimistic,T3_optimistic,514.0,0.9087678049227392,88672.9755957105,0.4,0.45,0.5575850414660736
2034,optimistic,T3_optimistic,612.0,0.9054891653461412,89703.40517692702,0.4,0.45,0.5460019810110641
2035,optimistic,T3_optimistic,710.0,0.9026985637145248,90580.45140400648,0.4,0.45,0.5363328612592837
2036,optimistic,T3_optimistic,808.0,0.9002693565675418,91343.91650734397,0.4,0.45,0.5280554430419317
2037,optimistic,T3_optimistic,906.0,0.8981185815492956,92019.87437022135,0.4,0.45,0.5208334574185419
2038,optimistic,T3_optimistic,1004.0,0.8961889248454514,92626.33790571528,0.4,0.45,0.5144380561037081
2039,optimistic,T3_optimistic,1102.0,0.8944391294253008,93176.2736091912,0.4,0.45,0.5087066812059056
2040,optimistic,T3_optimistic,1200.0,0.8928385061524438,93679.3266378034,0.4,0.45,0.50351985074902
2041,optimistic,T3_optimistic,1330.0,0.890906042716829,94286.67228899656,0.4,0.45,0.5
2042,optimistic,T3_optimistic,1460.0,0.8891539400798674,94837.33311775596,0.4,0.45,0.5
2043,optimistic,T3_optimistic,1590.0,0.8875513866532857,95340.9927661102,0.4,0.45,0.5
2044,optimistic,T3_optimistic,1720.0,0.8860748487129416,95805.0475473612,0.4,0.45,0.5
2045,optimistic,T3_optimistic,1850.0,0.884705944664005,96235.27453416985,0.4,0.45,0.5
2046,optimistic,T3_optimistic,1980.0,0.8834300428786269,96636.2722381458,0.4,0.45,0.5
2047,optimistic,T3_optimistic,2110.0,0.8822353062981627,97011.76087772024,0.4,0.45,0.5
2048,optimistic,T3_optimistic,2240.0,0.8811120231652603,97364.79271948963,0.4,0.45,0.5
2049,optimistic,T3_optimistic,2370.0,0.880052126840643,97697.90299294076,0.4,0.45,0.5
2050,optimistic,T3_optimistic,2500.0,0.8790488440134798,98013.22045290636,0.4,0.45,0.5
2051,optimistic,T3_optimistic,2600.0,0.8783119733088295,98244.8083886536,0.4,0.45,0.5
2052,optimistic,T3_optimistic,2700.0,0.8776029157767603,98467.6550415896,0.4,0.45,0.5
2053,optimistic,T3_optimistic,2800.0,0.8769196479462664,98682.39635974482,0.4,0.45,0.5
2054,optimistic,T3_optimistic,2900.0,0.8762603594357443,98889.60132019462,0.4,0.45,0.5
2055,optimistic,T3_optimistic,3000.0,0.8756234240446318,99089.78101454428,0.4,0.45,0.5
2056,optimistic,T3_optimistic,3100.0,0.8750073755869072,99283.39624411486,0.4,0.45,0.5
2057,optimistic,T3_optimistic,3200.0,0.8744108875626492,99470.8639088817,0.4,0.45,0.5
2058,optimistic,T3_optimistic,3300.0,0.8738327559586568,99652.56241299356,0.4,0.45,0.5
2059,optimistic,T3_optimistic,3400.0,0.8732718846173827,99828.83626310829,0.4,0.45,0.5
2060,optimistic,T3_optimistic,3500.0,0.8727272727272727,100000.0,0.4,0.45,0.5
